Sample1	Sample2	Sample3	Sample4	Sample5	Sample6	Sample7	Sample8	Sample9	Sample10	Sample11	
ENSG00000212040	0	0	2	0	2	0	0	1	0	0	11
ENSG00000110514	491	243	745	1233	1004	592	3493	539	412	312	1403
ENSG00000086015	438	176	702	1266	1130	526	2304	579	480	331	2122
ENSG00000211769	0	0	0	0	1	0	2	0	0	0	0
ENSG00000211768	0	0	0	0	0	0	0	0	0	0	0
ENSG00000250337	0	0	0	9	50	0	0	4	11	9	0
ENSG00000204228	31	25	69	206	125	55	760	83	59	47	81
ENSG00000255071	216	40	0	0	0	0	0	0	0	141	0
ENSG00000211767	0	0	2	0	0	0	5	0	0	0	0
ENSG00000211766	0	0	0	0	0	0	1	1	0	0	0
ENSG00000211765	0	0	0	0	0	0	0	1	0	0	0
ENSG00000211764	0	0	0	0	2	0	1	0	0	0	0
ENSG00000169740	198	166	531	723	385	365	1684	423	119	191	293
ENSG00000215869	0	0	0	0	0	0	0	0	0	0	0
ENSG00000261609	591	414	1110	2264	2144	1071	2329	568	487	449	1348
ENSG00000169744	956	497	788	1913	1344	1113	2016	566	515	534	609
ENSG00000261607	0	0	0	0	2	0	0	0	0	0	0
ENSG00000261606	0	0	0	0	0	0	0	0	6	0	22
ENSG00000215866	0	0	0	0	0	0	0	0	0	0	0
ENSG00000261604	11	4	9	9	38	15	34	5	14	6	22
ENSG00000261603	0	0	0	0	0	0	0	4	0	0	0
ENSG00000261602	0	0	0	0	0	0	0	0	0	0	0
ENSG00000261600	3	0	3	18	6	6	23	15	6	0	5
ENSG00000251074	0	0	0	0	7	0	0	0	0	0	3
ENSG00000168298	1006	698	1771	2597	3168	905	8825	1711	740	804	946
ENSG00000255070	0	0	0	0	3	0	0	3	0	0	0
ENSG00000168297	241	239	411	1176	675	384	1325	321	185	226	268
ENSG00000266460	0	0	0	0	0	0	0	0	0	0	0
ENSG00000266461	0	0	0	0	0	0	0	0	4	0	0
ENSG00000266466	0	0	0	6	14	0	0	0	0	0	8
ENSG00000266467	3	0	18	8	23	0	17	8	0	3	18
ENSG00000266464	0	0	0	0	0	0	0	0	0	0	0
ENSG00000168291	555	272	1082	1499	601	839	4452	575	285	329	275
ENSG00000262558	0	0	0	15	5	7	7	3	11	0	0
ENSG00000212072	0	0	0	0	1	0	2	0	0	0	0
ENSG00000212073	0	0	0	1	0	0	6	2	1	1	4
ENSG00000212070	0	0	0	0	0	0	0	0	0	0	0
ENSG00000212071	0	0	0	0	0	0	0	0	0	0	0
ENSG00000212076	1	1	1	1	1	1	1	1	1	1	1
ENSG00000262554	2	1	2	4	1	1	5	3	5	6	2
ENSG00000212075	0	0	0	0	2	0	0	0	0	0	0
ENSG00000225108	14	5	44	33	24	14	59	16	4	5	46
ENSG00000225109	0	0	0	0	0	0	0	0	0	0	0
ENSG00000270593	0	0	0	0	0	0	1	0	0	0	0
ENSG00000225100	0	0	0	0	0	0	3	0	0	0	0
ENSG00000225101	7	2	0	0	23	0	3	3	3	0	0
ENSG00000225102	0	0	0	0	0	0	0	0	0	0	0
ENSG00000233579	11	0	11	26	17	6	19	11	13	3	96
ENSG00000225105	0	0	0	0	0	0	0	0	0	0	0
ENSG00000225106	0	0	0	0	0	0	3	0	0	0	0
ENSG00000225107	0	0	0	0	7	0	0	0	6	0	0
ENSG00000221489	0	0	0	0	0	0	0	0	0	0	0
ENSG00000221488	0	0	0	0	0	0	0	0	0	0	0
ENSG00000226455	0	0	0	0	2	0	6	5	0	0	0
ENSG00000226454	0	0	0	0	0	0	0	0	0	0	0
ENSG00000149792	316	106	635	877	497	430	3003	442	205	194	299
ENSG00000226450	0	0	7	12	34	0	0	0	0	0	76
ENSG00000141854	6	16	63	27	40	23	322	11	8	12	54
ENSG00000221484	0	0	3	0	3	0	0	0	0	1	0
ENSG00000149798	198	203	343	1147	213	544	1146	177	487	290	150
ENSG00000221486	1	1	2	4	0	0	3	5	1	0	2
ENSG00000212153	0	0	0	0	0	0	0	0	0	0	0
ENSG00000183055	28	15	45	55	54	35	82	75	29	13	251
ENSG00000183054	757	303	1174	1934	2080	870	2605	687	655	456	1710
ENSG00000255076	0	0	0	0	2	0	0	0	0	0	6
ENSG00000251078	0	0	0	0	7	0	1	0	0	0	0
ENSG00000221628	0	0	0	0	0	0	0	0	0	0	0
ENSG00000250566	0	0	0	0	14	0	0	0	0	0	0
ENSG00000273424	0	3	6	24	15	9	9	6	9	0	9
ENSG00000250564	0	0	0	0	0	0	0	0	0	0	0
ENSG00000250565	45	66	100	145	180	108	307	82	63	63	178
ENSG00000250562	0	0	0	0	1	0	0	0	0	0	1
ENSG00000250563	0	0	0	0	11	0	0	0	0	0	0
ENSG00000187961	24	3	37	56	50	17	184	16	20	8	149
ENSG00000250561	0	0	0	0	11	0	0	0	0	0	6
ENSG00000250568	6	3	20	7	25	10	36	25	12	8	20
ENSG00000250569	11	0	49	55	50	40	88	36	27	17	106
ENSG00000220685	3	0	6	6	17	3	4	6	6	3	11
ENSG00000162843	0	0	0	0	13	0	11	0	4	0	6
ENSG00000168484	0	0	0	0	0	0	0	0	0	0	0
ENSG00000158435	254	160	561	860	630	541	2158	275	225	223	441
ENSG00000162849	13	14	46	25	92	38	645	76	30	16	143
ENSG00000228845	0	0	0	0	0	0	0	0	0	0	0
ENSG00000149243	12	3	48	25	57	26	283	24	17	11	64
ENSG00000184702	83	46	173	388	379	185	753	114	165	71	639
ENSG00000221156	0	0	4	4	4	1	7	4	2	0	3
ENSG00000184708	271	174	560	982	658	559	1446	245	301	216	569
ENSG00000184709	6	0	3	0	19	0	340	3	3	0	6
ENSG00000206811	4	5	158	60	43	3	36	78	7	3	117
ENSG00000163462	0	0	6	0	52	0	105	0	0	8	71
ENSG00000163463	268	168	251	791	306	531	1265	254	263	209	222
ENSG00000163464	0	11	17	23	0	14	107	0	9	30	0
ENSG00000163466	1143	928	2279	4441	2322	2370	8731	2518	876	1021	1199
ENSG00000163467	0	0	0	0	5	0	30	0	0	0	0
ENSG00000163468	742	441	1529	2716	2132	1517	9421	1232	528	665	1096
ENSG00000241869	0	0	0	0	3	0	0	3	0	0	7
ENSG00000206813	0	0	3	0	0	0	0	0	0	0	0
ENSG00000241868	6	0	5	7	11	0	2	11	0	0	2
ENSG00000162599	6037	2555	6543	15953	6288	5248	20091	3057	2753	3707	2090
ENSG00000162598	0	0	0	0	42	0	0	0	5	0	0
ENSG00000267731	30	27	39	61	181	29	68	22	23	17	54
ENSG00000272386	0	1	3	4	9	8	6	0	0	1	8
ENSG00000029364	246	655	1245	3225	2070	1078	5075	767	536	491	749
ENSG00000267732	0	0	0	0	5	0	0	0	0	0	0
ENSG00000267735	0	0	0	0	0	0	0	0	0	0	0
ENSG00000029363	1539	1012	3510	5044	5542	2499	8218	2072	1508	1082	2993
ENSG00000267737	0	0	0	0	0	0	13	0	4	0	0
ENSG00000162594	0	3	0	0	25	0	0	13	3	3	3
ENSG00000263609	0	0	0	0	0	0	0	0	0	0	0
ENSG00000263608	0	0	0	0	0	0	0	0	0	0	0
ENSG00000206817	0	0	0	0	0	0	0	0	0	0	0
ENSG00000118640	108	72	577	404	322	272	1714	432	56	86	323
ENSG00000221625	1	0	1	1	1	1	1	1	1	1	1
ENSG00000263603	0	0	11	20	13	0	8	8	0	0	72
ENSG00000263602	0	0	0	0	0	0	0	0	0	0	0
ENSG00000263604	0	0	0	0	0	0	0	0	0	0	0
ENSG00000263606	29	4	26	43	40	33	73	32	26	12	72
ENSG00000259169	24	10	57	120	77	76	300	29	16	18	44
ENSG00000253144	0	0	0	0	0	0	0	0	0	0	0
ENSG00000253147	0	0	0	0	0	0	0	0	0	0	0
ENSG00000201466	0	0	0	0	0	0	0	0	0	0	0
ENSG00000253141	0	0	0	0	6	0	0	0	0	0	0
ENSG00000115073	396	242	923	1322	874	526	3310	632	421	327	763
ENSG00000253143	0	0	0	0	11	0	0	0	0	0	0
ENSG00000253142	0	0	0	0	0	0	11	0	0	0	11
ENSG00000259161	3	8	6	17	41	8	22	3	6	6	17
ENSG00000259160	0	0	0	2	0	0	0	3	2	0	0
ENSG00000259163	10	12	7	25	33	7	30	12	9	4	18
ENSG00000259162	0	0	0	0	0	0	0	0	0	0	0
ENSG00000259165	14	3	52	86	107	27	111	31	37	9	73
ENSG00000253148	0	0	0	0	30	0	0	0	5	0	0
ENSG00000259167	0	0	3	8	19	3	4	6	4	0	19
ENSG00000277331	2	0	8	9	4	1	22	6	2	1	1
ENSG00000213853	1178	639	2130	3393	1761	1661	9263	846	785	715	1395
ENSG00000213851	0	0	0	0	9	0	0	0	3	0	3
ENSG00000258590	0	0	14	0	175	0	17	0	16	8	22
ENSG00000213857	1	0	3	3	3	0	0	0	0	0	9
ENSG00000213856	25	9	28	15	36	21	15	12	20	3	1
ENSG00000213854	0	0	0	0	13	0	3	0	0	0	0
ENSG00000258597	0	0	0	0	0	0	0	0	0	0	0
ENSG00000213859	69	62	200	532	147	174	748	122	105	163	140
ENSG00000206979	0	0	1	1	1	1	3	1	0	0	1
ENSG00000229792	0	0	0	0	0	0	0	0	0	0	0
ENSG00000225816	0	0	0	0	6	3	0	0	3	3	3
ENSG00000225814	0	0	0	0	16	0	3	0	3	0	0
ENSG00000225815	0	0	0	0	0	0	0	0	0	0	0
ENSG00000225813	0	0	0	3	15	3	0	0	3	0	0
ENSG00000225811	0	0	0	0	0	0	0	0	0	0	0
ENSG00000206846	0	0	2	0	2	0	0	3	0	0	3
ENSG00000225818	0	0	0	0	12	0	0	0	0	0	0
ENSG00000225819	0	0	0	0	0	0	0	0	0	0	0
ENSG00000229306	0	0	0	0	0	0	0	0	0	0	0
ENSG00000229307	0	0	0	0	0	0	0	0	0	0	0
ENSG00000229305	0	0	0	0	0	0	0	0	0	0	0
ENSG00000229302	0	0	0	0	0	0	0	0	0	0	0
ENSG00000229303	0	0	0	0	0	0	0	0	0	0	3
ENSG00000229300	0	0	0	0	0	0	0	0	0	0	0
ENSG00000229301	0	0	0	0	0	0	0	0	0	0	0
ENSG00000238485	0	0	0	0	0	0	0	0	0	0	0
ENSG00000269911	3	0	8	0	14	2	10	3	5	0	19
ENSG00000238482	0	2	14	12	12	4	18	1	1	3	0
ENSG00000229308	0	0	0	0	0	0	0	0	0	0	0
ENSG00000274972	0	0	0	0	0	0	0	0	0	0	0
ENSG00000278072	0	0	4	0	14	0	0	0	1	0	1
ENSG00000224321	1	0	1	15	4	6	16	3	3	7	6
ENSG00000278070	0	0	0	0	0	0	0	0	0	0	0
ENSG00000278071	3	0	2	6	8	8	19	11	2	0	3
ENSG00000278076	0	0	0	0	2	0	2	0	0	0	0
ENSG00000278077	2	0	4	0	8	0	3	0	0	6	10
ENSG00000278074	0	0	0	0	0	0	0	0	0	0	0
ENSG00000278075	3	0	3	14	3	0	24	0	18	0	19
ENSG00000055070	433	553	854	1044	181	585	2414	1087	771	834	798
ENSG00000278078	1	0	1	1	1	1	1	1	0	1	2
ENSG00000278079	0	0	0	0	0	0	0	0	0	0	0
ENSG00000179899	71	44	89	228	150	98	348	72	64	48	219
ENSG00000227411	0	0	0	0	9	0	0	0	0	0	0
ENSG00000155719	0	0	0	10	29	0	34	31	5	0	17
ENSG00000227413	1	2	13	21	28	8	19	11	0	8	26
ENSG00000227415	0	0	0	0	13	0	0	0	0	0	0
ENSG00000227416	0	0	0	1	1	0	1	0	1	0	0
ENSG00000227417	17	13	27	33	63	24	53	21	21	6	98
ENSG00000162337	1844	843	1919	5048	2060	1689	5234	820	2166	1383	1937
ENSG00000155714	0	0	14	32	41	7	28	8	0	17	14
ENSG00000182010	6	5	52	31	51	27	390	22	15	20	80
ENSG00000182013	14	14	98	97	208	94	262	59	51	51	104
ENSG00000244748	0	0	0	0	11	3	0	2	0	6	6
ENSG00000186704	43	17	172	162	169	52	301	58	64	39	417
ENSG00000251779	0	0	0	2	1	0	0	0	0	0	0
ENSG00000251774	1	0	3	6	4	0	1	3	0	2	2
ENSG00000251775	10	5	8	24	19	6	13	4	11	4	4
ENSG00000251776	0	0	0	0	6	0	0	0	0	0	0
ENSG00000251770	0	0	0	0	0	0	0	0	0	0	0
ENSG00000245293	26	9	65	44	86	12	104	14	32	11	53
ENSG00000251772	0	0	0	0	0	0	0	0	0	0	0
ENSG00000251773	0	0	0	0	0	0	0	0	0	0	0
ENSG00000164659	473	241	639	1404	651	482	1914	294	294	255	296
ENSG00000242748	3	0	10	12	19	15	16	0	21	22	40
ENSG00000242747	0	0	3	0	7	0	3	6	0	0	1
ENSG00000164651	0	0	0	0	8	0	0	0	0	0	0
ENSG00000242741	0	0	0	0	5	0	0	0	0	0	0
ENSG00000164654	207	84	505	662	591	640	1650	326	207	210	546
ENSG00000252234	3	0	4	3	9	3	11	0	5	2	2
ENSG00000252235	0	0	0	0	3	0	0	0	2	1	1
ENSG00000252236	5	3	0	0	0	0	0	0	0	3	0
ENSG00000252237	0	0	0	9	13	1	2	3	0	6	3
ENSG00000252230	0	0	0	0	2	1	2	2	0	0	4
ENSG00000252231	0	2	0	3	2	0	0	0	0	0	0
ENSG00000252233	3	0	2	15	7	6	28	5	3	3	23
ENSG00000204253	109	96	271	309	142	181	857	109	66	59	153
ENSG00000252238	0	0	0	0	2	0	0	0	0	0	1
ENSG00000252239	0	0	0	0	0	0	0	0	0	0	0
ENSG00000256925	0	0	0	0	0	0	0	0	0	0	0
ENSG00000161021	468	248	932	1650	1073	682	2987	554	603	352	1192
ENSG00000256922	0	0	0	0	0	0	0	0	0	0	0
ENSG00000256923	0	0	0	0	3	0	0	0	0	0	0
ENSG00000226331	0	0	0	0	9	0	0	0	0	0	0
ENSG00000261608	0	0	0	0	0	0	0	0	0	0	0
ENSG00000256928	0	0	0	0	0	0	0	0	0	0	0
ENSG00000221623	0	0	0	0	0	0	0	0	0	0	0
ENSG00000254694	0	0	5	11	0	6	18	8	0	0	0
ENSG00000254695	0	0	0	0	3	0	0	0	0	0	0
ENSG00000254696	0	0	0	0	3	0	0	0	0	0	0
ENSG00000254697	0	0	0	0	4	0	0	0	0	0	0
ENSG00000254690	0	0	14	0	0	0	0	0	0	0	0
ENSG00000254691	4	6	23	26	14	8	23	10	11	0	30
ENSG00000266929	0	0	1	0	2	0	0	0	0	0	0
ENSG00000266928	0	0	0	0	0	0	0	0	0	0	0
ENSG00000266925	0	0	0	0	2	0	0	0	0	0	0
ENSG00000266924	0	0	0	0	0	0	0	0	0	0	0
ENSG00000254698	0	0	3	3	7	0	33	0	0	0	6
ENSG00000254699	0	0	0	0	0	0	0	0	0	0	0
ENSG00000266921	0	0	100	43	28	9	41	0	6	0	18
ENSG00000266920	0	0	0	0	9	0	0	0	0	0	0
ENSG00000257343	0	0	0	0	0	0	0	0	0	0	0
ENSG00000257342	0	0	0	0	0	0	0	0	0	0	0
ENSG00000257341	31	21	19	58	8	18	71	22	20	31	11
ENSG00000215867	22	6	49	68	80	28	111	22	32	14	76
ENSG00000257346	0	0	0	0	0	0	0	0	0	0	0
ENSG00000257345	0	0	0	0	0	0	4	0	0	0	0
ENSG00000234337	28	6	20	44	11	25	86	20	0	20	2
ENSG00000215861	79	58	104	334	114	184	420	75	70	65	75
ENSG00000119509	351	177	517	934	972	436	1521	383	244	241	681
ENSG00000228949	0	0	3	0	3	0	0	0	3	0	0
ENSG00000256699	0	0	0	0	0	0	0	0	0	0	0
ENSG00000256694	37	33	17	38	29	22	55	15	47	9	14
ENSG00000256695	0	0	0	0	0	0	0	0	0	0	0
ENSG00000228943	0	0	0	0	3	0	0	0	0	0	0
ENSG00000228941	0	0	27	0	18	0	0	0	8	0	14
ENSG00000228940	0	0	0	0	0	0	0	0	0	0	0
ENSG00000165309	0	0	0	0	54	0	90	0	3	3	1
ENSG00000165304	6	0	21	20	27	17	216	20	0	5	8
ENSG00000165300	6	0	88	54	311	6	41	30	48	19	341
ENSG00000266469	91	31	103	243	159	169	402	65	63	46	75
ENSG00000101608	1779	1306	3061	5286	3010	3892	12373	2114	994	1402	1316
ENSG00000101605	950	520	1084	2694	668	1296	2131	271	555	494	253
ENSG00000170100	110	88	29	63	433	170	62	70	138	17	404
ENSG00000237026	0	0	0	0	0	0	0	0	0	0	0
ENSG00000187900	0	0	0	0	9	0	0	0	0	0	0
ENSG00000198791	740	423	1649	2438	2321	1474	5668	966	390	477	850
ENSG00000198792	636	517	873	2334	412	1078	3704	409	603	680	608
ENSG00000198793	1142	489	1606	3616	2208	1681	5618	986	905	776	2095
ENSG00000198794	4	19	75	24	35	43	124	68	17	14	100
ENSG00000198795	482	378	835	1914	1685	749	3259	601	432	288	1588
ENSG00000197779	201	107	320	671	617	365	1341	197	144	165	477
ENSG00000198797	0	0	61	8	24	0	146	6	94	6	9
ENSG00000198798	0	0	0	0	3	0	0	0	3	0	0
ENSG00000197776	127	113	330	495	427	228	705	182	71	83	194
ENSG00000231424	0	0	0	0	15	0	0	0	0	0	0
ENSG00000175550	238	149	399	863	284	443	1631	294	188	206	155
ENSG00000231422	0	0	0	0	25	0	0	0	0	0	0
ENSG00000175556	183	25	160	257	175	94	303	79	75	83	80
ENSG00000197771	600	432	1234	2268	1411	1391	5137	866	360	434	588
ENSG00000231421	0	0	0	0	0	0	0	0	0	0	0
ENSG00000279848	0	0	0	3	15	0	0	0	0	0	0
ENSG00000279849	0	0	1	0	5	0	1	0	2	1	3
ENSG00000161682	22	9	16	91	5	19	96	8	11	6	0
ENSG00000240173	1	0	0	5	0	0	0	0	0	0	3
ENSG00000179420	3	0	3	0	14	0	6	3	13	0	6
ENSG00000279840	0	0	0	0	10	0	0	0	0	0	3
ENSG00000279841	14	18	33	79	64	41	74	25	22	6	93
ENSG00000279842	0	0	0	0	0	0	0	0	3	0	0
ENSG00000279843	6	0	0	17	13	0	11	3	6	0	16
ENSG00000279844	0	0	0	0	27	0	0	0	3	0	0
ENSG00000279845	0	0	9	20	38	12	16	13	10	6	8
ENSG00000279846	0	0	0	0	3	0	3	0	6	0	0
ENSG00000279847	0	0	0	0	0	0	6	0	5	0	0
ENSG00000133169	0	0	27	22	18	0	30	0	0	0	0
ENSG00000076321	416	268	571	1435	517	767	2249	356	342	291	396
ENSG00000234389	0	0	0	11	26	0	6	3	11	2	14
ENSG00000183864	1394	914	1500	6082	1204	2161	4873	601	1429	1059	815
ENSG00000183862	0	0	0	0	21	0	0	0	0	0	0
ENSG00000277402	2	2	3	4	17	4	11	5	2	4	4
ENSG00000266465	0	0	0	2	0	0	0	0	0	0	3
ENSG00000277403	0	0	0	0	0	0	0	0	0	0	0
ENSG00000167680	200	65	155	688	66	329	1358	101	222	131	82
ENSG00000124217	48	47	229	264	173	145	781	142	62	54	126
ENSG00000124214	1244	549	1558	3692	2093	1783	6395	942	890	767	913
ENSG00000124215	32	0	42	37	48	39	61	11	14	0	19
ENSG00000124212	839	1103	1660	4964	1173	2506	10658	1464	1519	1077	389
ENSG00000167685	63	36	156	270	246	75	760	46	127	87	568
ENSG00000247595	11	0	29	18	33	8	66	11	6	8	28
ENSG00000175707	0	0	67	0	109	0	537	24	25	6	162
ENSG00000277401	0	0	0	0	0	0	0	0	0	0	0
ENSG00000161970	2319	1435	9406	9051	8503	4710	25367	6455	1565	2107	3351
ENSG00000227713	0	0	0	0	0	0	0	0	0	0	0
ENSG00000175073	1095	724	2099	4551	2624	2506	5966	1123	662	844	817
ENSG00000161973	0	0	0	0	0	0	0	0	0	0	0
ENSG00000255279	0	0	0	0	19	0	0	0	0	0	0
ENSG00000255275	0	2	0	7	50	0	4	75	81	0	151
ENSG00000255274	0	0	0	0	0	0	0	0	0	0	0
ENSG00000255277	8	6	12	37	5	16	72	3	11	13	25
ENSG00000255276	0	0	0	0	0	0	0	0	0	0	0
ENSG00000255271	0	0	0	0	0	0	0	0	0	0	0
ENSG00000255270	0	13	8	16	16	0	5	0	0	0	0
ENSG00000255273	0	0	0	0	0	0	0	0	0	0	3
ENSG00000255272	0	0	0	0	0	0	0	0	0	0	0
ENSG00000185238	169	61	328	480	666	282	1331	328	84	109	397
ENSG00000239670	0	0	0	0	8	0	8	8	6	0	24
ENSG00000160087	145	69	360	536	296	262	1387	272	196	166	255
ENSG00000265627	0	0	0	0	3	0	0	0	0	0	2
ENSG00000036054	719	323	1423	2611	1423	1243	2520	861	398	529	754
ENSG00000104903	32	38	65	277	44	132	390	86	65	62	60
ENSG00000228349	0	0	1	1	0	2	0	0	0	0	1
ENSG00000223018	0	0	0	0	1	0	0	0	0	0	0
ENSG00000277905	1	0	1	3	1	0	0	0	0	0	4
ENSG00000223019	0	0	0	0	0	0	0	0	0	0	0
ENSG00000236476	3	0	0	0	3	0	0	0	0	0	0
ENSG00000002587	25	16	94	67	162	101	230	64	46	19	108
ENSG00000002586	1737	1186	2522	5833	1184	2568	9051	1478	1122	1421	504
ENSG00000237868	2	2	4	6	10	4	20	3	4	10	3
ENSG00000177954	2998	1773	14693	13079	10244	7462	46011	7889	1863	2148	3640
ENSG00000177951	357	161	526	1202	671	481	1846	346	369	256	361
ENSG00000280059	0	0	0	0	33	0	0	0	3	6	6
ENSG00000280058	0	0	0	0	19	0	0	0	3	3	0
ENSG00000198242	1794	1315	5766	8059	6180	4274	22446	3104	1333	1561	2278
ENSG00000280056	0	0	0	0	14	0	0	0	0	0	0
ENSG00000237862	0	0	0	0	0	0	0	0	0	0	0
ENSG00000237863	0	0	0	0	15	0	0	0	0	0	6
ENSG00000198246	49	37	88	183	92	92	1141	240	41	31	99
ENSG00000280052	0	0	0	0	0	0	0	0	0	0	0
ENSG00000280051	0	0	0	0	7	0	0	0	0	0	0
ENSG00000280050	0	0	0	0	0	0	0	0	0	0	0
ENSG00000135917	3915	2023	2817	9173	2564	5219	4544	1872	5081	1971	24
ENSG00000135916	210	62	167	398	262	467	1193	260	207	77	225
ENSG00000135914	75	35	167	230	149	111	636	139	35	39	46
ENSG00000135913	366	159	748	1068	1265	717	3159	402	266	168	803
ENSG00000135912	122	50	140	263	609	186	587	227	105	98	994
ENSG00000092148	3442	1762	5001	10302	6919	5243	14889	2805	2402	2023	3720
ENSG00000240179	0	0	0	0	5	0	0	0	3	5	0
ENSG00000034693	174	118	509	507	558	336	1423	316	66	105	256
ENSG00000135919	87	76	175	212	351	156	2782	209	71	112	390
ENSG00000223015	0	1	0	0	1	0	0	0	0	0	0
ENSG00000230487	60	51	113	237	158	80	391	55	80	51	239
ENSG00000176396	58	40	140	236	93	174	440	89	62	46	73
ENSG00000230484	0	0	1	6	6	3	7	0	0	0	9
ENSG00000176390	76	51	450	760	306	134	1623	168	52	59	600
ENSG00000230482	9	2	11	12	22	4	8	5	10	0	25
ENSG00000230481	0	0	0	0	0	0	0	0	0	0	0
ENSG00000176393	279	142	770	1059	595	541	3947	390	292	285	657
ENSG00000176399	80	38	98	186	130	83	149	27	78	48	17
ENSG00000230489	0	0	1	0	0	0	17	0	2	0	0
ENSG00000243900	0	0	6	0	3	1	0	3	0	0	6
ENSG00000243902	0	0	0	0	0	0	0	0	0	0	0
ENSG00000243903	0	0	0	0	0	0	0	0	0	0	0
ENSG00000243904	0	0	0	1	0	0	0	0	0	3	0
ENSG00000083635	31	30	139	187	268	125	479	67	56	63	145
ENSG00000248029	0	0	0	0	5	0	0	0	0	0	0
ENSG00000248027	0	6	0	6	36	0	41	0	0	0	15
ENSG00000206845	0	0	0	0	0	0	0	0	0	0	0
ENSG00000063515	0	0	0	0	0	0	0	0	0	0	0
ENSG00000252599	0	0	0	0	0	0	0	0	0	0	0
ENSG00000252598	0	0	0	0	1	0	0	0	0	0	0
ENSG00000279713	15	11	61	77	32	30	111	51	41	4	70
ENSG00000252591	0	0	0	0	0	0	0	0	0	0	0
ENSG00000247624	0	0	14	14	34	0	11	0	19	0	15
ENSG00000252593	0	0	0	0	0	0	0	0	0	0	0
ENSG00000167531	0	0	0	0	298	0	0	0	0	0	0
ENSG00000167536	9	11	11	75	14	7	396	0	10	9	13
ENSG00000252594	0	0	0	0	7	0	0	0	0	0	0
ENSG00000252597	0	0	0	0	0	0	0	0	0	0	0
ENSG00000167535	71	35	104	183	201	81	514	79	65	71	470
ENSG00000276537	0	0	0	0	0	0	0	0	0	0	0
ENSG00000226457	3	3	16	12	17	6	14	6	9	6	18
ENSG00000188886	0	0	0	0	0	0	8	0	0	0	9
ENSG00000279716	17	8	52	82	108	30	266	73	38	41	234
ENSG00000188883	6	0	0	11	34	0	28	9	0	0	84
ENSG00000270839	0	0	0	3	0	0	3	0	0	0	2
ENSG00000241506	175	128	247	513	225	228	587	177	121	185	176
ENSG00000241505	0	0	0	0	0	0	0	0	0	0	0
ENSG00000094796	0	0	0	0	0	0	0	0	0	0	0
ENSG00000279719	0	3	0	0	9	0	0	0	0	3	0
ENSG00000226453	0	0	0	0	0	0	0	0	0	0	0
ENSG00000239249	3	3	6	3	4	0	4	3	0	3	22
ENSG00000237289	88	5	18	0	55	0	109	19	0	3	88
ENSG00000237284	0	0	0	0	0	0	0	0	0	0	0
ENSG00000237285	0	3	1	10	8	0	1	0	0	3	14
ENSG00000237286	0	0	0	6	0	0	7	0	6	0	56
ENSG00000233775	0	0	0	0	0	0	4	0	0	0	6
ENSG00000237281	0	0	0	0	0	3	6	0	0	0	5
ENSG00000237282	0	0	0	0	0	0	0	0	0	0	0
ENSG00000237283	0	0	0	0	9	0	0	0	0	0	0
ENSG00000272254	3	3	13	9	23	11	20	11	0	5	3
ENSG00000272255	2	0	4	3	6	4	5	0	2	6	10
ENSG00000206941	6	6	117	53	46	5	102	55	3	12	457
ENSG00000272250	0	3	0	0	20	3	2	0	0	6	3
ENSG00000206944	0	0	0	0	5	0	3	1	0	0	3
ENSG00000206949	0	0	0	0	0	0	0	0	0	0	0
ENSG00000206948	0	0	3	0	5	0	5	0	0	2	2
ENSG00000272259	0	0	0	0	0	0	0	0	0	0	0
ENSG00000271782	3	3	6	10	14	2	10	7	3	6	6
ENSG00000271781	0	0	3	14	24	9	9	11	15	11	28
ENSG00000271780	42	6	35	77	34	32	78	43	17	11	70
ENSG00000271787	0	0	13	13	3	7	0	1	1	0	25
ENSG00000271786	0	0	0	0	5	0	19	0	0	0	3
ENSG00000274368	0	0	0	0	2	0	0	0	0	0	0
ENSG00000271784	0	0	0	0	3	0	6	3	3	0	0
ENSG00000274366	0	0	1	1	1	1	1	0	0	1	0
ENSG00000049192	38	21	99	167	129	70	627	91	65	31	131
ENSG00000271789	26	6	75	61	105	42	107	29	19	18	64
ENSG00000274365	0	0	0	0	0	0	0	0	0	0	0
ENSG00000274362	0	0	0	0	0	0	0	0	0	0	0
ENSG00000274363	0	3	3	6	15	0	6	0	8	0	6
ENSG00000274360	0	0	0	0	0	0	0	0	0	0	0
ENSG00000274361	0	0	0	0	1	0	0	0	1	0	0
ENSG00000264239	0	0	0	0	0	0	0	3	0	0	3
ENSG00000221487	0	0	2	1	7	0	2	2	0	0	0
ENSG00000101323	0	0	0	0	22	0	0	0	0	0	0
ENSG00000237136	0	0	0	0	0	0	11	0	0	0	0
ENSG00000177042	73	75	169	289	177	83	459	45	62	47	285
ENSG00000237135	26	3	55	77	42	26	58	22	21	14	43
ENSG00000177047	0	0	0	3	9	0	3	3	0	0	0
ENSG00000129566	551	260	1269	2222	1464	1285	4093	1027	644	380	2209
ENSG00000272788	0	0	13	6	1	1	8	2	3	0	3
ENSG00000272789	11	14	9	81	11	11	20	19	32	19	3
ENSG00000272787	0	0	3	11	16	10	15	11	0	0	29
ENSG00000272784	0	3	6	11	9	0	3	3	3	0	7
ENSG00000154252	0	0	0	0	0	0	0	0	0	0	6
ENSG00000272783	8	0	3	3	8	0	14	3	0	0	0
ENSG00000237138	0	0	0	0	0	0	0	0	0	0	0
ENSG00000237139	0	0	0	0	9	0	2	0	0	0	16
ENSG00000277550	3	0	0	0	9	3	3	0	0	9	0
ENSG00000273032	0	0	14	3	22	0	3	3	0	0	22
ENSG00000277552	0	0	0	0	0	0	0	0	0	0	0
ENSG00000141232	535	313	2251	1458	2247	844	4651	461	568	338	916
ENSG00000277554	0	0	0	0	0	0	0	0	0	0	0
ENSG00000277555	0	0	3	4	9	0	0	0	3	0	11
ENSG00000277556	0	0	0	0	15	0	0	0	2	0	5
ENSG00000277557	0	0	0	0	0	0	0	0	0	0	0
ENSG00000277558	6	0	17	3	0	11	17	1	6	2	6
ENSG00000277559	5	3	18	9	23	6	23	10	0	3	75
ENSG00000172671	134	116	275	380	403	255	1467	167	120	118	341
ENSG00000274098	1	0	0	7	15	0	1	1	2	0	7
ENSG00000274099	4	0	3	6	14	5	9	2	6	9	3
ENSG00000279068	3	0	0	7	3	0	0	4	8	2	6
ENSG00000236428	0	0	0	0	0	0	0	0	0	0	0
ENSG00000223766	0	0	0	0	0	0	0	0	0	0	0
ENSG00000223767	0	0	0	0	0	0	0	0	0	0	0
ENSG00000223764	3	6	17	22	16	27	99	30	22	14	124
ENSG00000223765	0	0	0	0	3	0	0	0	0	0	0
ENSG00000279062	0	0	0	0	3	0	1	1	1	0	2
ENSG00000274091	0	1	1	0	1	1	1	0	1	0	1
ENSG00000279060	0	0	0	0	0	0	0	0	0	0	0
ENSG00000279061	0	0	0	0	3	0	0	0	3	0	0
ENSG00000274094	1	0	0	3	1	1	1	1	1	0	1
ENSG00000279067	6	6	8	19	19	8	13	6	6	0	18
ENSG00000236425	0	0	0	0	0	0	3	0	0	0	0
ENSG00000279065	0	0	0	0	19	0	0	0	7	3	0
ENSG00000136750	0	0	0	0	44	0	0	0	6	17	17
ENSG00000270789	4	2	11	13	18	4	21	5	5	5	18
ENSG00000136754	549	311	1466	2024	1650	1133	4584	941	359	410	1004
ENSG00000207648	0	1	0	0	0	0	1	0	0	0	0
ENSG00000136758	1463	921	2856	5295	2042	2720	10483	1621	764	1079	1472
ENSG00000270781	0	0	0	0	5	2	2	0	0	0	7
ENSG00000270782	0	0	0	0	0	0	0	0	0	0	0
ENSG00000270783	0	0	0	0	0	0	0	0	0	0	0
ENSG00000232508	0	0	0	0	6	0	0	0	0	0	6
ENSG00000232500	0	0	0	0	0	0	0	0	0	0	0
ENSG00000232502	0	0	0	0	0	0	5	0	0	0	0
ENSG00000232503	0	0	0	0	0	0	0	0	0	0	0
ENSG00000232504	0	0	0	26	11	0	12	0	0	0	22
ENSG00000232505	0	0	0	0	7	0	0	0	5	0	0
ENSG00000249087	65	32	161	203	116	84	361	85	63	51	218
ENSG00000116014	0	0	0	0	0	0	11	0	0	0	0
ENSG00000116017	105	90	176	438	159	262	585	130	96	86	144
ENSG00000116016	10733	4896	9002	33817	6295	13981	25082	4014	7843	6817	1897
ENSG00000249082	0	0	0	0	0	0	5	0	0	0	0
ENSG00000249081	0	0	0	0	0	0	0	0	0	0	0
ENSG00000234034	0	0	0	0	10	0	0	0	0	0	0
ENSG00000249089	3	0	7	7	6	3	13	7	4	3	7
ENSG00000250567	0	0	6	0	0	0	0	0	0	0	0
ENSG00000201707	0	0	0	0	3	0	0	0	0	0	0
ENSG00000234033	0	0	0	0	0	0	0	0	0	0	0
ENSG00000146676	1174	1152	4010	4023	3351	2355	7832	2025	681	791	2346
ENSG00000242860	1	0	13	6	10	0	20	3	5	0	13
ENSG00000197674	0	0	0	0	9	0	6	0	0	3	0
ENSG00000201708	0	0	0	0	0	0	0	0	0	0	0
ENSG00000234030	0	0	0	0	2	0	0	0	3	3	7
ENSG00000242861	21	2	51	67	100	42	100	35	24	14	151
ENSG00000201704	0	0	0	0	0	0	0	0	0	0	0
ENSG00000120440	0	0	0	0	22	0	0	0	0	0	0
ENSG00000201700	3	2	4	4	4	2	4	1	0	0	11
ENSG00000201701	0	0	0	0	0	0	0	0	0	0	0
ENSG00000274458	0	0	0	0	2	0	0	0	0	0	0
ENSG00000249156	0	0	0	0	3	0	0	0	3	0	0
ENSG00000250560	0	0	0	0	0	0	0	0	0	0	6
ENSG00000274459	0	0	0	0	0	0	0	0	0	0	0
ENSG00000180211	217	110	383	694	313	235	1364	303	119	142	162
ENSG00000271259	0	3	8	17	22	4	23	6	6	3	20
ENSG00000187244	753	392	1394	2979	1056	1056	11292	635	848	609	1932
ENSG00000276209	0	0	0	0	0	0	0	0	0	0	0
ENSG00000276208	0	0	0	0	3	0	0	0	3	0	0
ENSG00000271255	0	0	0	0	0	0	0	0	0	0	0
ENSG00000276206	0	0	0	0	0	0	0	0	0	0	0
ENSG00000271257	0	0	0	0	6	0	0	0	0	0	0
ENSG00000276204	0	0	0	0	5	0	0	0	0	0	2
ENSG00000276203	19	2	29	13	108	6	47	12	20	12	23
ENSG00000271250	0	0	0	0	0	0	0	0	0	0	3
ENSG00000223867	0	0	3	0	3	0	0	3	0	0	0
ENSG00000276200	6	0	3	3	9	0	6	0	0	3	0
ENSG00000270124	0	4	12	31	31	23	42	0	20	0	58
ENSG00000197110	0	0	0	0	0	0	0	0	0	0	0
ENSG00000270120	0	0	3	6	24	0	6	3	0	0	0
ENSG00000270123	0	0	0	0	0	0	0	0	0	0	0
ENSG00000174099	555	1148	2740	6805	306	526	6931	1231	700	1419	455
ENSG00000224230	0	0	0	0	0	0	0	0	0	0	0
ENSG00000224233	0	0	0	0	19	0	0	0	8	0	0
ENSG00000235199	0	0	0	0	0	0	0	0	0	0	0
ENSG00000224235	0	0	0	0	15	0	0	0	0	0	0
ENSG00000224234	0	0	0	0	0	0	0	0	0	0	0
ENSG00000224237	5	0	12	0	6	0	9	0	6	2	0
ENSG00000224236	0	0	0	3	44	4	6	0	10	0	3
ENSG00000224239	0	0	0	0	9	0	0	0	0	0	0
ENSG00000264652	1	1	1	1	1	1	1	1	1	1	1
ENSG00000235190	0	0	0	0	0	0	0	0	0	0	0
ENSG00000137404	14	15	85	119	27	78	344	54	27	32	70
ENSG00000137403	0	0	0	0	0	0	0	0	0	0	0
ENSG00000235197	0	0	0	10	34	0	14	3	0	0	3
ENSG00000264655	0	0	0	0	6	3	0	0	0	3	6
ENSG00000235195	0	0	0	0	0	0	0	0	0	0	0
ENSG00000275574	0	0	0	0	0	0	0	0	0	0	0
ENSG00000275575	0	0	0	0	0	0	0	0	0	0	0
ENSG00000275576	5	1	6	12	21	7	12	4	3	2	21
ENSG00000275577	0	0	0	0	0	0	0	0	0	0	0
ENSG00000275570	0	0	0	0	0	0	0	0	0	0	0
ENSG00000275571	0	0	0	0	0	0	0	0	0	0	0
ENSG00000275572	0	0	0	0	0	0	0	0	0	0	13
ENSG00000162840	8	8	14	3	0	14	44	6	19	14	16
ENSG00000060138	1065	499	1790	2716	2524	1324	3609	881	2064	793	1474
ENSG00000253570	3	9	11	71	33	15	115	0	5	9	11
ENSG00000275578	0	0	0	0	0	0	0	0	0	0	0
ENSG00000275579	0	0	0	0	0	0	0	0	0	0	0
ENSG00000044012	0	0	0	0	0	0	0	0	0	0	0
ENSG00000231857	0	0	7	11	16	0	0	0	8	0	0
ENSG00000231856	45	19	75	99	101	44	228	40	62	19	46
ENSG00000175946	0	0	0	0	21	13	19	0	0	0	0
ENSG00000231854	0	0	0	0	0	0	0	0	0	0	0
ENSG00000231852	0	0	3	29	52	6	70	3	15	26	41
ENSG00000231851	0	0	9	0	0	0	0	0	0	0	0
ENSG00000061918	199	189	558	723	528	534	2457	310	132	187	145
ENSG00000130751	0	0	0	0	0	0	31	0	0	0	11
ENSG00000180818	0	0	43	16	115	25	764	18	14	6	56
ENSG00000231859	0	1	4	0	13	3	12	0	2	0	10
ENSG00000130755	160	84	311	665	187	272	600	312	57	120	85
ENSG00000233437	0	0	0	0	0	0	0	0	0	0	0
ENSG00000186115	0	0	0	0	5	0	0	0	0	0	0
ENSG00000197670	12	5	64	39	38	24	139	19	29	22	138
ENSG00000110756	528	227	937	1016	1496	813	2450	609	215	264	1320
ENSG00000248840	0	0	5	3	5	1	11	0	17	1	18
ENSG00000248842	0	0	0	0	0	0	0	0	0	0	0
ENSG00000248843	0	0	11	3	5	3	14	3	0	0	8
ENSG00000248844	0	0	0	0	54	5	11	0	0	0	122
ENSG00000248846	0	0	0	0	0	0	0	0	0	0	0
ENSG00000253572	0	0	0	0	0	0	0	0	0	0	0
ENSG00000248848	0	0	0	0	17	0	0	0	3	0	0
ENSG00000134278	527	183	989	652	1222	468	2180	545	369	350	503
ENSG00000202474	0	0	3	2	0	0	1	0	0	0	1
ENSG00000264233	0	0	0	0	0	0	0	0	0	0	0
ENSG00000230812	0	0	0	0	14	0	0	6	0	0	0
ENSG00000230813	0	0	0	0	0	0	0	0	0	0	0
ENSG00000230814	0	0	0	0	0	0	0	0	0	0	0
ENSG00000266312	0	0	0	0	3	0	0	0	0	0	0
ENSG00000230816	0	0	0	0	0	0	0	0	0	0	0
ENSG00000064726	908	655	1651	2881	1654	1508	5473	1220	425	643	482
ENSG00000230818	0	0	3	3	18	8	8	0	5	9	8
ENSG00000230819	0	0	0	0	0	0	0	0	0	0	0
ENSG00000217791	0	0	3	3	11	3	3	0	3	0	0
ENSG00000072506	262	147	546	953	274	367	2045	312	204	267	154
ENSG00000072501	1123	532	1655	3408	1812	2116	5807	931	1013	854	1785
ENSG00000134183	0	0	0	0	0	0	0	0	0	0	1
ENSG00000069712	258	114	325	795	706	381	834	194	213	162	311
ENSG00000270587	2	3	3	9	3	8	16	3	0	0	7
ENSG00000134186	192	84	357	714	844	347	1107	352	160	179	694
ENSG00000134184	18	149	32	72	51	21	95	37	22	136	78
ENSG00000227224	0	0	0	0	4	0	0	0	0	0	0
ENSG00000262710	0	0	0	0	0	0	0	0	0	0	0
ENSG00000262712	0	0	4	8	6	12	18	8	3	0	38
ENSG00000262714	3	3	22	0	32	0	40	3	17	0	11
ENSG00000248211	0	0	0	0	5	0	0	0	0	0	0
ENSG00000280001	0	0	0	0	0	0	0	0	0	0	0
ENSG00000259832	0	0	3	2	0	0	2	0	3	0	0
ENSG00000248213	8	6	18	34	25	22	35	15	11	2	109
ENSG00000037042	191	80	347	648	434	317	1030	278	204	155	624
ENSG00000260622	0	0	0	0	0	0	0	8	0	3	0
ENSG00000260620	0	0	0	0	0	0	0	0	0	0	0
ENSG00000260621	6	5	8	4	18	0	11	0	0	3	16
ENSG00000260626	0	0	0	0	0	0	0	0	0	0	0
ENSG00000078487	36	11	113	214	134	80	370	41	63	25	169
ENSG00000260625	0	0	14	14	0	0	48	8	6	0	21
ENSG00000248215	0	0	0	0	19	0	0	0	0	0	0
ENSG00000260628	3	0	0	0	0	0	33	0	0	0	0
ENSG00000260629	0	0	0	0	17	0	0	0	0	0	0
ENSG00000042753	184	133	435	606	184	288	2098	398	164	157	100
ENSG00000196096	0	0	6	0	29	0	6	0	0	0	0
ENSG00000248216	8	9	11	37	35	5	37	6	16	11	28
ENSG00000105855	237	113	1620	335	4334	142	553	420	136	216	3895
ENSG00000105854	472	296	775	1305	880	753	2437	460	258	404	805
ENSG00000111481	550	339	1382	2078	1462	742	7752	830	435	468	274
ENSG00000105856	1449	915	3108	5228	3006	2163	8154	1889	696	1040	1780
ENSG00000105851	154	94	298	681	532	400	1590	313	38	106	173
ENSG00000079689	8	0	9	8	11	0	35	6	0	11	0
ENSG00000105852	14	13	289	75	295	54	747	82	28	18	127
ENSG00000142252	37	35	106	95	82	73	472	96	25	43	125
ENSG00000012174	275	135	546	943	652	446	1705	350	157	197	324
ENSG00000131002	0	0	0	3	0	0	3	0	0	0	6
ENSG00000012171	157	123	352	1285	104	171	515	178	271	251	355
ENSG00000220447	0	0	0	0	0	0	0	0	0	0	0
ENSG00000131007	0	0	0	0	0	0	0	0	0	0	0
ENSG00000135587	21	9	89	135	144	42	530	101	32	61	236
ENSG00000221310	0	0	0	0	1	0	0	0	0	1	0
ENSG00000221313	0	0	0	0	3	0	0	0	0	0	0
ENSG00000221312	0	0	0	0	2	0	0	0	0	1	0
ENSG00000214111	0	0	0	0	3	0	0	0	0	0	0
ENSG00000221317	0	0	0	0	0	0	0	0	0	0	0
ENSG00000221316	0	0	0	0	2	0	0	0	0	0	0
ENSG00000221319	0	0	0	1	2	2	3	1	0	0	1
ENSG00000257022	4	0	0	0	31	0	0	5	0	0	0
ENSG00000214110	150	59	206	301	178	187	594	126	80	106	132
ENSG00000196098	0	0	0	3	14	0	0	0	3	0	0
ENSG00000071082	2775	2001	12134	10698	7759	4956	29522	10011	1737	2195	4000
ENSG00000124490	0	0	9	0	11	0	11	0	0	0	0
ENSG00000139780	0	0	5	14	8	6	13	0	0	0	6
ENSG00000180660	79	59	132	232	250	86	163	73	76	57	160
ENSG00000135638	0	3	15	19	8	3	54	17	9	6	41
ENSG00000180662	0	0	20	6	9	6	24	1	0	0	33
ENSG00000180667	180	139	464	819	714	533	2100	311	132	163	337
ENSG00000188419	431	318	958	1691	1069	981	3769	667	350	294	571
ENSG00000135632	105	54	268	470	379	303	1062	178	155	151	316
ENSG00000135631	345	169	507	936	571	488	1862	261	257	234	467
ENSG00000135636	493	258	478	1835	392	1018	2605	446	385	410	384
ENSG00000135637	44	15	140	156	77	81	245	107	62	56	400
ENSG00000210195	126	48	305	278	756	112	445	207	172	152	233
ENSG00000147155	71	51	220	310	63	104	594	206	48	89	133
ENSG00000263447	0	0	0	0	3	0	0	0	0	0	0
ENSG00000263445	0	0	0	0	0	0	0	0	0	0	0
ENSG00000112539	0	0	0	0	5	0	0	0	0	0	0
ENSG00000263443	0	0	0	0	0	0	0	0	0	0	0
ENSG00000263442	0	0	0	0	0	0	0	0	0	0	0
ENSG00000114503	517	282	1086	1805	464	1027	3312	615	320	363	602
ENSG00000258629	0	0	0	0	19	0	0	0	3	3	6
ENSG00000184992	160	106	592	590	345	376	2271	265	187	175	295
ENSG00000263449	0	0	0	0	0	0	2	0	0	0	0
ENSG00000116670	42	33	127	266	144	87	600	93	68	69	168
ENSG00000259767	3	8	12	6	13	6	7	7	3	8	13
ENSG00000224296	0	0	0	0	0	0	0	0	3	0	0
ENSG00000115677	5037	3087	8249	18546	8337	7621	26569	4170	3755	3695	4370
ENSG00000259763	4	6	8	13	12	3	17	0	0	0	7
ENSG00000259762	5	0	13	0	0	0	0	0	4	0	0
ENSG00000259761	0	0	0	0	0	0	0	0	0	0	0
ENSG00000259760	0	0	0	0	0	0	4	14	0	0	0
ENSG00000259769	0	0	0	0	18	0	0	0	0	0	0
ENSG00000259768	32	9	68	136	199	62	144	48	29	32	197
ENSG00000261971	44	0	61	102	120	32	240	39	40	27	324
ENSG00000250038	0	0	0	0	16	0	0	0	0	0	0
ENSG00000261972	0	0	0	0	0	0	0	0	0	0	0
ENSG00000258624	0	0	0	0	9	0	0	0	0	0	0
ENSG00000261978	1	0	5	5	6	1	11	0	3	0	14
ENSG00000258627	0	0	0	0	2	0	0	0	0	0	0
ENSG00000116852	32	19	74	181	172	89	315	37	42	32	139
ENSG00000276474	0	0	0	0	3	0	0	0	3	0	0
ENSG00000226284	10	5	15	9	31	13	32	10	9	3	31
ENSG00000267594	0	4	12	46	6	0	17	8	0	0	0
ENSG00000267597	0	0	3	0	3	0	0	0	0	0	2
ENSG00000162592	0	0	0	0	5	0	0	0	0	0	0
ENSG00000263199	0	0	0	0	3	0	0	0	0	0	0
ENSG00000263198	2	0	3	7	11	4	1	3	3	2	13
ENSG00000219747	5	0	18	18	8	14	41	7	8	8	4
ENSG00000162591	232	93	706	735	329	217	2679	381	399	213	1718
ENSG00000125255	0	0	0	0	24	0	0	0	6	0	0
ENSG00000227258	0	0	12	6	23	6	136	0	14	0	0
ENSG00000227259	0	0	0	0	0	0	6	0	0	0	0
ENSG00000227256	0	0	8	6	0	0	6	0	0	0	8
ENSG00000227257	1	3	6	2	7	2	3	0	0	2	8
ENSG00000227254	0	0	0	0	8	0	0	3	0	0	0
ENSG00000227255	0	0	0	0	0	0	0	0	0	0	0
ENSG00000227252	14	11	19	42	69	0	72	6	11	0	78
ENSG00000227253	0	0	19	6	35	4	35	4	0	0	6
ENSG00000267734	0	5	10	34	21	5	25	8	0	0	22
ENSG00000105143	0	0	0	0	6	0	0	0	0	0	0
ENSG00000267639	4	1	13	15	22	5	23	7	6	3	52
ENSG00000105141	0	0	0	0	13	0	0	0	3	3	6
ENSG00000105146	0	0	23	20	7	0	30	0	0	0	40
ENSG00000267630	0	0	0	0	11	0	0	0	0	0	6
ENSG00000267631	0	0	0	0	2	0	1	0	0	0	5
ENSG00000267632	23	12	54	60	88	36	93	47	53	14	146
ENSG00000267633	0	0	0	0	0	0	0	0	0	0	0
ENSG00000267634	0	3	0	0	0	0	0	0	0	0	0
ENSG00000267635	0	0	0	0	0	0	0	0	0	0	0
ENSG00000267636	0	0	0	0	0	0	0	0	0	0	0
ENSG00000267637	0	0	8	5	8	1	16	2	2	2	0
ENSG00000186543	0	0	0	0	0	0	0	0	0	0	0
ENSG00000235949	0	0	0	0	0	0	34	0	0	0	0
ENSG00000235941	0	0	0	0	0	0	0	0	0	0	0
ENSG00000235940	1	0	13	2	11	0	2	0	2	0	21
ENSG00000235943	0	0	0	0	0	0	0	0	0	0	5
ENSG00000235942	0	0	0	0	9	0	0	0	0	0	0
ENSG00000146205	10	6	27	36	31	11	191	12	17	0	63
ENSG00000235944	0	0	17	57	38	16	122	16	5	0	95
ENSG00000235947	33	0	126	16	136	20	475	33	33	0	249
ENSG00000235946	2	3	0	3	1	3	1	0	0	3	7
ENSG00000164418	0	0	19	8	111	7	42	0	11	9	36
ENSG00000222158	0	0	0	0	0	0	0	0	0	0	0
ENSG00000222152	0	0	2	0	0	0	3	0	0	0	0
ENSG00000164411	0	0	24	17	41	6	46	4	9	0	32
ENSG00000222150	0	0	0	0	3	0	0	0	2	0	0
ENSG00000164414	101	137	616	292	701	472	2388	398	92	98	375
ENSG00000280163	14	9	44	56	35	11	49	14	11	3	105
ENSG00000222154	0	0	0	0	3	0	0	0	2	0	0
ENSG00000202227	2	1	2	6	6	0	5	2	0	1	5
ENSG00000255776	3	0	3	14	23	9	17	6	8	0	1
ENSG00000100532	141	41	385	554	269	261	781	191	66	90	150
ENSG00000198937	25	17	76	79	37	70	288	64	15	11	60
ENSG00000276478	0	0	0	0	0	0	0	0	0	0	0
ENSG00000224547	3	0	0	0	12	0	0	0	7	0	11
ENSG00000206818	0	0	0	0	0	0	0	0	0	0	0
ENSG00000077454	112	21	227	347	218	154	768	160	153	108	658
ENSG00000186265	0	0	19	8	110	14	107	30	11	6	8
ENSG00000273419	69	22	11	99	28	19	74	3	88	33	121
ENSG00000252362	0	0	0	0	0	0	0	0	0	0	0
ENSG00000077458	183	158	519	801	974	457	1781	401	146	165	513
ENSG00000201465	0	0	0	0	0	0	0	0	0	0	0
ENSG00000226285	0	0	3	2	9	0	0	0	0	0	8
ENSG00000224541	3	0	10	8	23	2	14	3	5	3	23
ENSG00000201464	0	0	0	0	1	3	0	0	0	0	0
ENSG00000224540	0	3	0	0	6	0	0	0	0	3	3
ENSG00000201467	0	0	0	0	0	0	3	0	0	0	3
ENSG00000262953	0	0	0	0	0	0	0	0	0	0	0
ENSG00000278447	0	1	0	1	0	0	0	0	1	0	1
ENSG00000212658	0	0	0	0	3	0	0	0	0	0	0
ENSG00000212659	0	0	0	0	0	0	0	0	0	0	0
ENSG00000265908	3	3	6	25	19	19	33	6	3	0	40
ENSG00000169154	0	0	0	0	0	0	0	0	0	0	0
ENSG00000265904	1	1	9	4	5	0	0	0	1	1	4
ENSG00000265905	0	0	0	0	0	0	0	0	0	0	2
ENSG00000152056	14	0	78	29	42	8	236	54	11	0	18
ENSG00000212657	0	0	0	0	3	0	0	0	6	0	0
ENSG00000265902	0	0	0	0	0	0	0	0	0	0	0
ENSG00000265903	0	0	0	0	0	0	0	0	0	0	0
ENSG00000260367	0	0	6	14	0	0	25	0	0	0	0
ENSG00000260366	3	2	3	2	8	3	3	6	5	0	0
ENSG00000273416	0	3	0	0	0	0	9	2	0	3	7
ENSG00000260362	0	0	0	0	0	0	0	0	6	0	0
ENSG00000260361	8	3	26	22	24	11	46	11	22	3	33
ENSG00000280160	0	0	0	76	30	6	26	8	0	0	3
ENSG00000229590	0	0	6	0	3	0	0	0	0	0	9
ENSG00000260369	6	0	6	0	4	0	9	9	8	0	15
ENSG00000273593	0	0	0	0	2	0	0	0	0	0	0
ENSG00000021300	36	0	55	74	236	19	291	56	24	6	203
ENSG00000217026	0	0	6	3	4	3	8	3	3	0	0
ENSG00000217027	11	6	0	15	17	0	3	5	6	3	11
ENSG00000213332	0	0	0	0	2	0	0	0	0	0	0
ENSG00000278440	0	0	0	0	0	0	0	0	0	0	0
ENSG00000261013	0	0	0	0	11	0	0	0	0	0	9
ENSG00000100399	19	11	51	91	40	11	213	30	40	20	95
ENSG00000277271	0	0	0	0	0	0	0	0	0	0	0
ENSG00000209482	0	0	0	6	7	3	5	2	5	3	11
ENSG00000209480	0	0	13	1	1	3	18	8	3	0	1
ENSG00000216378	8	0	3	0	13	0	3	3	3	0	0
ENSG00000100393	2106	1155	3013	5939	4581	3118	10658	1616	1842	1202	3456
ENSG00000213331	0	0	0	0	0	0	0	0	0	0	0
ENSG00000100395	268	137	420	902	645	515	1531	275	194	187	571
ENSG00000200552	0	0	0	1	0	1	1	0	0	0	0
ENSG00000259164	0	0	0	0	0	0	0	0	0	0	0
ENSG00000223208	1	0	1	1	3	1	2	1	1	0	2
ENSG00000223201	0	0	0	0	0	0	0	0	0	0	0
ENSG00000223200	0	0	0	0	2	0	0	0	0	0	0
ENSG00000223203	0	1	2	0	0	0	3	0	0	0	0
ENSG00000223202	3	0	0	0	9	0	0	0	0	0	2
ENSG00000242289	0	0	0	0	0	0	0	0	0	0	0
ENSG00000229596	0	0	0	0	0	0	0	0	0	0	0
ENSG00000232353	0	0	0	0	0	0	0	0	0	0	0
ENSG00000200553	0	0	0	0	3	0	0	0	0	0	0
ENSG00000275208	0	0	0	0	0	0	2	0	3	0	5
ENSG00000275209	74268	86172	12658	4651	7954	24311	10637	16482	110136	93097	90172
ENSG00000213338	0	0	0	3	10	1	0	0	3	0	12
ENSG00000196550	11	7	33	36	40	18	75	7	21	10	36
ENSG00000261019	6	3	17	19	26	8	35	3	11	3	19
ENSG00000196557	131	37	148	605	122	346	1171	47	192	127	313
ENSG00000280165	0	0	0	0	102	109	0	19	0	0	0
ENSG00000264387	0	0	0	0	1	0	0	0	0	0	0
ENSG00000264386	0	0	0	4	6	0	2	0	0	0	1
ENSG00000197208	11	0	69	82	46	39	197	24	34	33	48
ENSG00000275202	0	0	0	14	30	0	76	14	0	0	33
ENSG00000273700	0	0	0	0	0	0	0	0	0	0	0
ENSG00000264388	0	0	0	1	3	0	0	3	3	0	0
ENSG00000239462	0	0	0	0	3	0	0	0	0	0	0
ENSG00000239463	0	0	0	0	0	0	0	0	0	0	0
ENSG00000151292	542	253	1000	1325	1040	804	3287	680	386	490	581
ENSG00000113141	565	364	1154	2557	1214	1192	4265	547	517	505	819
ENSG00000239464	0	0	0	0	0	0	0	0	0	0	0
ENSG00000280164	0	0	21	18	82	16	47	20	3	6	90
ENSG00000217686	0	0	0	0	0	0	0	0	0	0	0
ENSG00000217684	0	3	3	10	4	0	0	0	3	0	1
ENSG00000217680	11	0	0	15	5	9	27	5	3	7	3
ENSG00000222359	1	1	2	1	3	0	1	1	1	0	3
ENSG00000211947	35	6	23	0	193	17	89	109	3	0	24
ENSG00000275205	0	0	0	0	0	0	0	0	0	0	0
ENSG00000026652	183	96	306	517	522	246	996	372	196	130	766
ENSG00000205955	0	0	9	0	9	0	0	0	0	0	19
ENSG00000177971	186	146	436	680	303	346	1992	276	128	124	190
ENSG00000211945	14	0	0	0	100	0	98	20	0	0	15
ENSG00000205959	10	0	28	19	30	16	31	8	43	5	73
ENSG00000185158	89	34	229	320	327	166	494	152	107	15	336
ENSG00000211681	0	0	0	0	0	0	0	0	0	0	0
ENSG00000211682	0	0	0	0	0	0	0	0	0	0	0
ENSG00000211683	0	0	0	0	11	3	0	0	0	0	0
ENSG00000211684	0	0	0	0	0	0	0	0	0	0	0
ENSG00000211685	20	6	0	0	269	3	19	67	0	0	6
ENSG00000211687	0	0	0	1	3	0	2	0	0	0	0
ENSG00000211688	0	0	0	1	4	0	5	1	0	0	0
ENSG00000211689	8	11	29	17	106	32	53	19	13	9	11
ENSG00000185155	0	0	0	0	19	0	0	0	0	0	0
ENSG00000185156	0	0	11	3	14	0	37	0	3	0	38
ENSG00000229567	1	0	0	3	15	0	13	6	2	0	5
ENSG00000229565	0	0	0	0	0	0	0	0	0	0	0
ENSG00000229562	6	3	4	14	18	11	24	9	17	9	0
ENSG00000229563	0	0	0	0	12	0	0	0	0	0	0
ENSG00000229560	0	0	0	0	19	0	0	0	3	0	3
ENSG00000225192	25	6	88	41	138	31	90	38	11	27	79
ENSG00000182545	4	0	2	7	11	0	5	0	1	0	5
ENSG00000255040	57	43	25	191	128	48	60	11	92	33	6
ENSG00000229568	0	0	0	0	0	0	0	0	0	0	0
ENSG00000229569	0	0	0	9	31	0	0	6	9	0	51
ENSG00000213260	37	29	66	108	70	53	212	40	38	36	27
ENSG00000106635	314	261	443	914	190	507	1297	274	345	278	205
ENSG00000106636	419	289	727	1669	468	640	2306	413	278	361	455
ENSG00000207561	3	3	9	9	2	2	21	4	3	4	19
ENSG00000280299	0	0	0	0	0	0	14	0	0	0	37
ENSG00000106631	0	0	8	0	0	0	0	22	16	0	0
ENSG00000106633	0	0	0	0	7	0	16	0	11	0	0
ENSG00000280295	17	14	32	38	80	16	33	24	17	12	86
ENSG00000213269	0	0	0	0	1	0	0	0	3	2	0
ENSG00000280297	0	0	0	3	1	5	0	0	3	0	3
ENSG00000280296	0	0	0	2	44	3	3	0	5	0	8
ENSG00000106638	142	82	457	648	345	369	1340	313	130	199	295
ENSG00000280290	0	0	0	0	0	0	0	0	0	0	0
ENSG00000216085	0	0	0	0	0	0	0	0	0	0	0
ENSG00000216084	0	0	0	0	7	0	0	0	0	0	0
ENSG00000211538	0	0	0	0	4	0	0	0	1	1	0
ENSG00000211532	0	0	0	0	0	0	0	0	0	0	0
ENSG00000211530	5	0	0	0	6	0	0	0	0	0	10
ENSG00000255045	0	0	4	0	0	0	0	0	0	0	0
ENSG00000211534	0	0	0	0	3	0	0	0	0	0	0
ENSG00000211535	0	0	1	0	1	0	1	0	1	0	1
ENSG00000230357	0	0	0	0	0	0	0	0	0	0	0
ENSG00000123584	0	0	0	0	13	0	0	0	0	0	0
ENSG00000260668	0	0	0	0	0	0	32	0	0	0	0
ENSG00000239626	8	6	34	22	65	2	20	0	1	9	23
ENSG00000206812	0	0	0	0	3	0	0	0	1	0	0
ENSG00000152670	0	0	0	3	29	0	6	0	8	3	10
ENSG00000152672	16	6	37	75	131	19	81	24	17	6	258
ENSG00000238738	0	0	0	0	0	0	0	0	0	0	0
ENSG00000225198	0	0	0	0	5	0	0	0	0	0	0
ENSG00000238731	0	0	2	0	0	0	2	0	0	0	0
ENSG00000238730	0	0	0	0	0	0	0	0	0	0	4
ENSG00000238735	0	1	0	0	6	4	4	3	0	0	0
ENSG00000238737	0	1	0	1	1	0	1	0	1	0	1
ENSG00000143643	149	70	310	523	444	239	834	202	145	144	350
ENSG00000124588	494	237	764	1450	651	579	1110	533	343	417	462
ENSG00000143641	725	338	939	2355	734	1181	4669	557	631	506	657
ENSG00000124587	102	166	386	569	687	315	1860	120	164	143	530
ENSG00000167332	11	6	22	9	19	9	112	0	6	14	0
ENSG00000167333	147	56	212	592	278	275	725	133	87	82	238
ENSG00000009830	118	41	260	518	398	233	947	158	131	110	730
ENSG00000259603	0	0	0	0	0	0	0	0	0	0	0
ENSG00000238489	0	0	0	0	1	0	0	0	0	0	0
ENSG00000220161	0	0	7	10	14	0	6	0	6	0	28
ENSG00000258056	55	83	143	286	68	153	283	64	52	85	70
ENSG00000244183	0	6	6	1	20	1	15	4	5	0	18
ENSG00000178927	254	120	447	849	382	429	2202	403	212	245	561
ENSG00000178921	91	85	283	927	389	327	1588	232	147	158	768
ENSG00000266349	0	0	0	0	1	0	0	0	0	0	0
ENSG00000178922	148	77	350	473	345	164	1062	150	233	143	310
ENSG00000266347	1	0	4	2	6	2	9	6	2	8	4
ENSG00000266346	0	0	0	0	0	0	0	0	0	0	0
ENSG00000266344	0	0	0	0	0	0	0	0	0	0	4
ENSG00000178928	0	0	0	0	0	0	0	0	0	0	9
ENSG00000274852	0	0	3	1	2	1	1	2	2	1	3
ENSG00000266340	0	0	0	0	6	7	0	7	0	0	0
ENSG00000252861	0	0	1	0	4	0	3	0	0	0	2
ENSG00000252860	0	3	2	5	0	4	11	0	2	4	2
ENSG00000252863	0	0	0	0	0	0	0	0	0	0	0
ENSG00000168310	255	163	521	810	811	532	2331	357	213	186	387
ENSG00000252864	0	0	1	0	2	0	0	0	0	0	7
ENSG00000252867	0	0	0	0	0	0	0	0	0	0	0
ENSG00000168314	0	0	0	0	88	0	6	0	37	11	33
ENSG00000252869	0	0	0	2	3	0	1	3	0	0	8
ENSG00000262456	0	0	0	0	0	0	0	0	0	0	0
ENSG00000212135	12	10	15	6	62	5	3	3	0	1	11
ENSG00000262454	21	26	36	97	32	47	78	22	20	6	9
ENSG00000212133	0	0	0	0	0	0	0	0	0	0	0
ENSG00000229492	0	0	0	0	3	3	3	0	6	3	6
ENSG00000241073	0	0	0	0	10	0	3	0	0	0	0
ENSG00000268416	8	0	151	0	387	0	232	42	71	15	286
ENSG00000114268	19	16	52	61	89	60	400	56	0	23	206
ENSG00000241074	0	0	0	0	0	0	0	3	0	0	3
ENSG00000268412	0	0	0	0	0	0	0	0	0	0	0
ENSG00000200673	0	0	0	0	0	0	0	0	0	0	0
ENSG00000265867	0	0	2	4	2	0	3	1	1	1	4
ENSG00000200670	0	0	0	2	0	0	0	3	0	0	0
ENSG00000200677	0	0	0	0	4	0	0	0	1	0	0
ENSG00000040487	27	27	106	219	104	59	397	103	91	58	110
ENSG00000200674	2	0	7	18	5	6	12	0	10	0	11
ENSG00000204709	0	0	0	0	6	0	0	0	0	0	0
ENSG00000206816	0	0	0	4	0	4	8	0	4	0	1
ENSG00000235888	0	0	0	0	8	4	27	0	0	0	0
ENSG00000224098	0	0	0	0	0	0	0	0	0	0	0
ENSG00000204703	0	0	0	0	0	0	0	0	0	0	0
ENSG00000204702	0	0	0	0	33	0	0	0	9	6	0
ENSG00000204701	0	0	0	0	30	0	0	0	6	3	0
ENSG00000204700	0	0	0	0	10	0	0	0	0	3	0
ENSG00000204706	91	30	133	260	252	127	193	80	33	51	135
ENSG00000204705	0	0	2	0	12	2	2	0	0	0	5
ENSG00000204704	0	0	0	0	9	0	0	0	4	2	0
ENSG00000227973	0	6	3	0	9	0	3	2	3	0	11
ENSG00000217929	4	1	14	18	22	5	22	10	13	5	61
ENSG00000153107	378	292	875	1480	1542	764	2812	560	356	333	913
ENSG00000228778	0	0	0	0	0	0	0	0	0	0	0
ENSG00000228779	3	2	15	39	11	13	25	4	3	0	59
ENSG00000228775	6	19	47	49	61	27	94	9	0	10	70
ENSG00000228776	0	0	0	0	0	0	0	0	0	0	0
ENSG00000228777	0	0	0	0	0	0	0	0	0	0	0
ENSG00000228770	0	0	2	6	8	3	5	3	1	0	3
ENSG00000228771	0	0	0	0	0	0	0	0	0	0	0
ENSG00000228772	0	0	0	0	0	0	0	0	0	0	0
ENSG00000279268	0	0	0	0	2	1	2	0	3	0	1
ENSG00000279269	0	0	0	0	3	3	0	0	0	0	6
ENSG00000222685	0	0	0	0	0	0	0	0	0	0	0
ENSG00000279260	0	0	0	0	5	0	0	0	0	0	0
ENSG00000279261	0	0	0	0	14	0	0	0	6	0	16
ENSG00000279262	0	3	0	2	1	4	14	4	6	4	14
ENSG00000279263	0	0	2	6	21	3	6	3	3	2	13
ENSG00000279264	0	0	0	0	3	0	0	0	0	0	2
ENSG00000279265	23	0	26	26	25	33	60	6	8	3	41
ENSG00000279266	0	0	6	3	17	0	9	3	11	0	19
ENSG00000279267	57	18	70	69	55	76	104	14	9	16	24
ENSG00000226646	0	0	0	0	6	0	0	0	0	0	0
ENSG00000226647	5	0	44	50	77	29	85	25	0	5	113
ENSG00000226644	0	0	0	0	0	0	0	0	0	0	0
ENSG00000226645	0	0	16	14	11	7	20	0	0	0	10
ENSG00000226642	3	3	6	8	19	0	9	3	0	3	15
ENSG00000226643	0	0	0	0	8	0	0	0	0	0	0
ENSG00000226640	0	0	0	0	0	0	0	0	0	0	0
ENSG00000226641	0	0	5	0	3	0	6	0	6	0	6
ENSG00000164047	0	0	0	0	0	0	8	0	0	0	0
ENSG00000143756	698	472	1241	2089	1348	1180	5296	583	388	465	664
ENSG00000226648	7	0	24	19	33	3	28	0	29	0	41
ENSG00000226649	0	0	0	0	0	0	0	0	0	0	0
ENSG00000158022	0	0	0	6	0	0	6	0	0	0	15
ENSG00000158023	16	21	51	109	217	50	186	26	15	6	107
ENSG00000183242	0	0	17	3	0	0	9	6	0	0	0
ENSG00000198723	0	0	0	0	0	0	16	0	0	0	4
ENSG00000167800	0	0	0	0	0	0	0	0	0	0	5
ENSG00000236492	0	0	0	0	0	0	0	0	0	0	0
ENSG00000198722	874	505	1161	2937	1427	1530	3765	724	784	744	1155
ENSG00000239552	6	0	67	54	14	13	33	9	0	6	6
ENSG00000227412	0	0	0	0	9	0	0	0	0	0	0
ENSG00000183248	0	0	9	0	32	0	169	6	14	0	145
ENSG00000183249	0	0	0	0	0	0	0	0	0	0	0
ENSG00000127774	46	5	102	106	21	31	312	62	26	38	22
ENSG00000239927	0	0	0	0	0	0	0	0	0	0	0
ENSG00000239926	62	16	54	95	99	37	89	22	35	31	70
ENSG00000239924	0	0	0	0	3	0	0	0	0	0	3
ENSG00000239923	0	3	0	3	8	3	3	0	0	3	3
ENSG00000239922	0	0	0	0	14	0	0	6	11	0	0
ENSG00000239921	0	0	0	0	0	0	0	0	0	0	11
ENSG00000239920	6	0	3	1	9	2	0	0	0	6	14
ENSG00000233924	0	0	0	3	2	0	11	3	3	0	7
ENSG00000233927	505	200	2139	2708	1265	1117	4806	894	555	444	862
ENSG00000233926	0	0	0	0	17	0	0	0	0	0	0
ENSG00000233921	0	0	4	0	4	0	0	5	0	0	0
ENSG00000233920	0	0	0	0	0	0	0	0	0	0	0
ENSG00000239432	0	0	0	0	0	0	0	2	2	0	0
ENSG00000233922	0	0	6	0	27	6	14	0	0	0	22
ENSG00000173838	0	0	0	0	0	0	11	0	0	0	0
ENSG00000233929	3	0	2	3	2	1	9	0	0	0	0
ENSG00000122729	4247	1914	4012	10421	2512	3879	8726	2419	2509	3783	515
ENSG00000227418	0	0	0	0	0	0	0	0	6	0	0
ENSG00000245311	0	0	0	0	16	0	0	0	6	0	0
ENSG00000245317	19	14	38	35	82	23	97	22	17	0	28
ENSG00000165406	537	346	1109	1585	909	823	4156	466	522	421	624
