chr	start	end	strand	geneID	geneName
chrX	2691179	2741309	+	ENSG00000002586	CD99
chr4	11393150	11429765	-	ENSG00000002587	HS3ST1
chr6	136256863	136289851	-	ENSG00000029363	BCLAF1
chr14	69398015	69462388	+	ENSG00000029364	SLC39A9
chr3	100261000	100325251	+	ENSG00000036054	TBC1D23
chr1	16352575	16398145	+	ENSG00000055070	SZRD1
chr1	173714941	173786702	+	ENSG00000076321	KLHL20
chr1	45786987	46036124	+	ENSG00000086015	MAST2
chr18	3066807	3220108	-	ENSG00000101605	MYOM1
chr18	3247481	3256236	+	ENSG00000101608	MYL12A
chr19	13099033	13103161	-	ENSG00000104903	LYL1
chr11	47269161	47330031	+	ENSG00000110514	MADD
chr2	97655963	97664107	-	ENSG00000115073	ACTR1B
chr2	85561562	85582031	+	ENSG00000118640	VAMP8
chr9	100099256	100301000	+	ENSG00000119509	INVS
chr20	49503874	49568146	-	ENSG00000124212	PTGIS
chr20	49113339	49188367	-	ENSG00000124214	STAU1
chr20	59958427	60034011	+	ENSG00000124215	CDH26
chr20	50958826	50963931	+	ENSG00000124217	MOCS3
chrX	103062651	103064240	-	ENSG00000133169	BEX1
chr19	14072536	14075062	+	ENSG00000141854	MIR1199
chr11	75422394	75430629	-	ENSG00000149243	KLHL35
chr11	65122183	65127371	+	ENSG00000149792	MRPL49
chr11	65314818	65322429	+	ENSG00000149798	CDC42EP2
chr16	21983865	22001110	-	ENSG00000155714	PDZD9
chr16	21678514	21760729	+	ENSG00000155719	OTOA
chr2	101252802	101270316	+	ENSG00000158435	CNOT11
chr1	1253909	1273885	-	ENSG00000160087	UBE2J2
chr5	179732850	179796511	+	ENSG00000161021	MAML1
chr17	44353215	44363875	-	ENSG00000161682	FAM171A2
chr17	8377520	8383213	-	ENSG00000161970	RPL26
chr17	8729934	8745219	-	ENSG00000161973	CCDC42
chr11	68312609	68449275	+	ENSG00000162337	LRP5
chr1	67166400	67259979	+	ENSG00000162594	IL23R
chr1	59987269	60073770	-	ENSG00000162598	C1orf87
chr1	60865259	61462793	+	ENSG00000162599	NFIA
chr1	241652278	241802133	+	ENSG00000162843	WDR64
chr1	245154985	245709431	+	ENSG00000162849	KIF26B
chr1	155173787	155184971	+	ENSG00000163462	TRIM46
chr1	155169408	155173475	-	ENSG00000163463	KRTCAP2
chr2	218162845	218166995	-	ENSG00000163464	CXCR1
chr2	218217094	218254356	+	ENSG00000163466	ARPC2
chr1	156337314	156346995	+	ENSG00000163467	TSACC
chr1	156308968	156367873	-	ENSG00000163468	CCT3
chr7	20782283	20786886	-	ENSG00000164651	SP8
chr7	7566872	7608929	+	ENSG00000164654	MIOS
chr7	86876906	87059699	-	ENSG00000164659	KIAA1324L
chr13	87672615	87696272	+	ENSG00000165300	SLITRK5
chr9	36572862	36677683	+	ENSG00000165304	MELK
chr10	22928024	23038523	+	ENSG00000165309	ARMC3
chr19	4542593	4559808	-	ENSG00000167680	SEMA6B
chr19	56132599	56160893	+	ENSG00000167685	ZNF444
chr3	58427630	58433857	-	ENSG00000168291	PDHB
chr3	58332880	58426126	+	ENSG00000168297	PXK
chr6	26156391	26157050	+	ENSG00000168298	HIST1H1E
chr8	22156913	22164479	+	ENSG00000168484	SFTPC
chr10	43643859	43648856	-	ENSG00000169740	ZNF32
chr4	16501541	16898809	-	ENSG00000169744	LDB2
chr16	89217703	89237071	+	ENSG00000170100	ZNF778
chr8	66628487	66667217	-	ENSG00000175073	VCPIP1
chr11	65919257	65921561	+	ENSG00000175550	DRAP1
chrX	118974614	119018355	+	ENSG00000175556	LONRF3
chr1	26949562	26960406	-	ENSG00000175707	KDF1
chr11	167784	207428	-	ENSG00000177951	BET1L
chr1	153990759	153992150	+	ENSG00000177954	RPS27
chr7	143062330	143063585	-	ENSG00000179420	OR6W1P
chr12	55411727	55414787	-	ENSG00000179899	PHC1P1
chr10	62183035	62268707	-	ENSG00000182010	RTKN2
chr19	46466491	46471563	-	ENSG00000182013	PNMAL1
chr2	110513812	110577185	-	ENSG00000183054	RGPD6
chr10	58715554	58716257	+	ENSG00000183055	FAM133CP
chrX	151738451	151745304	+	ENSG00000183862	CNGA2
chr22	41433492	41447023	-	ENSG00000183864	TOB2
chr22	19714464	19724772	+	ENSG00000184702	SEPT5
chr22	31436977	31496108	-	ENSG00000184708	EIF4ENIF1
chr9	137168758	137170051	-	ENSG00000184709	LRRC26
chr11	20387530	20509294	+	ENSG00000185238	PRMT3
chr7	76978617	77004308	+	ENSG00000186704	DTX2P1
chr3	98238352	98239281	+	ENSG00000187900	OR5H7P
chr1	960587	965715	+	ENSG00000187961	KLHL17
chr10	119829404	119892556	-	ENSG00000197771	MCMBP
chr14	49693105	49753152	+	ENSG00000197776	KLHDC1
chrX	47836902	48002561	+	ENSG00000197779	ZNF81
chr8	17224964	17246878	-	ENSG00000198791	CNOT7
chr22	38219291	38273034	-	ENSG00000198792	TMEM184B
chr1	11106535	11262507	-	ENSG00000198793	MTOR
chr15	74957219	75021496	+	ENSG00000198794	SCAMP5
chr18	25061926	25352190	-	ENSG00000198795	ZNF521
chr1	177171497	177282422	+	ENSG00000198797	BRINP2
chrX	30230436	30237492	+	ENSG00000198798	MAGEB3
chr18	12760717	12760818	+	ENSG00000201466	Y_RNA
chr6	33204642	33206831	+	ENSG00000204228	HSD17B8
chr2	189923336	189924216	+	ENSG00000204253	HNRNPCP2
chr16	1962334	1962466	-	ENSG00000206811	SNORA10
chr22	41747312	41747413	+	ENSG00000206813	Y_RNA
chr1	91261625	91261724	+	ENSG00000206817	Y_RNA
chr15	30673750	30673843	+	ENSG00000206846	Y_RNA
chrX	136879199	136879271	-	ENSG00000206979	SNORD61
chr7	142796365	142796414	+	ENSG00000211764	TRBJ2-1
chr7	142796560	142796610	+	ENSG00000211765	TRBJ2-2
chr7	142796697	142796742	+	ENSG00000211766	TRBJ2-2P
chr7	142796847	142796895	+	ENSG00000211767	TRBJ2-3
chr7	142796998	142797047	+	ENSG00000211768	TRBJ2-4
chr7	142797119	142797166	+	ENSG00000211769	TRBJ2-5
chr14	101031963	101032070	+	ENSG00000212040	MIR543
chr3	72262322	72262428	-	ENSG00000212070	AC112219.1
chr14	36196480	36196568	-	ENSG00000212071	AL162511.1
chr10	19783557	19783660	-	ENSG00000212072	AL353147.1
chr3	131111670	131111758	-	ENSG00000212073	AC121332.1
chrX	25206370	25206460	-	ENSG00000212075	AC112778.1
chr1	51836341	51836410	-	ENSG00000212076	MIR761
chr7	141727984	141728148	+	ENSG00000212153	RNU1-82P
chr4	43410041	43410937	-	ENSG00000213851	RP11-324J13.1
chr16	10528422	10580698	-	ENSG00000213853	EMP2
chr3	31181751	31182650	-	ENSG00000213854	CNN2P6
chrX	49632500	49633349	-	ENSG00000213856	VDAC1P2
chr22	41074180	41075239	-	ENSG00000213857	RP11-12M9.4
chr17	7351889	7354944	+	ENSG00000213859	KCTD11
chr1	149197992	149321732	-	ENSG00000215861	WI2-1896O14.1
chr1	112820170	112850643	-	ENSG00000215866	LINC01356
chr1	111648291	111649544	-	ENSG00000215867	KRT18P57
chr1	104073023	104077087	+	ENSG00000215869	RP11-364B6.1
chr6	5065795	5066982	-	ENSG00000220685	RP11-530A18.1
chr7	35842889	35842973	+	ENSG00000221156	AC007551.1
chr15	83989233	83989345	-	ENSG00000221484	AC027807.1
chr17	10070890	10071004	+	ENSG00000221486	AC000003.1
chr1	211210989	211211082	-	ENSG00000221488	AC092017.1
chr2	201953257	201953336	-	ENSG00000221489	AC007358.1
chr8	27147709	27147797	+	ENSG00000221623	AC090150.1
chr12	98605874	98605960	+	ENSG00000221625	AC013283.1
chr2	207269275	207269424	-	ENSG00000221628	MIR1302-4
chrX	18863564	18863708	-	ENSG00000223018	AL096700.1
chr10	25813811	25813917	-	ENSG00000223019	RNA5SP306
chr1	15792796	15793285	+	ENSG00000224321	RP11-169K16.6
chr10	79982910	79983240	-	ENSG00000225100	RP11-479O17.7
chr11	4474813	4475755	+	ENSG00000225101	OR52K3P
chr6	11990343	11992012	-	ENSG00000225102	RP11-456H18.1
chr13	25193107	25210295	-	ENSG00000225105	LINC01076
chr20	61738219	61755056	-	ENSG00000225106	RP11-429E11.2
chr2	145569294	145588024	-	ENSG00000225107	AC092484.1
chr2	109986939	109988394	-	ENSG00000225108	ZBTB45P1
CHR_HSCHR6_MHC_DBB_CTG1	30177077	30178900	-	ENSG00000225109	PAIP1P1
chr1	190264898	190362270	+	ENSG00000225811	RP11-547I7.1
chr2	161281902	161282618	+	ENSG00000225813	AC009299.4
chrX	64697878	64698547	-	ENSG00000225814	GRPEL2P2
chr2	66327349	66328984	+	ENSG00000225815	AC092669.6
chr7	14985378	14986074	-	ENSG00000225816	GTF3AP5
chr17	71596338	71597279	+	ENSG00000225818	AC118653.2
chr2	130515997	130526691	-	ENSG00000225819	AC013269.3
chr2	222044525	222044994	-	ENSG00000226331	AC009302.4
chr22	42149886	42155001	-	ENSG00000226450	CYP2D8P
chr6	40516336	40523933	-	ENSG00000226454	RP3-462C17.1
chr6	89950116	89953186	+	ENSG00000226455	RP3-512E2.2
chr9	101334084	101339347	-	ENSG00000227411	BAATP1
chr22	40433136	40433641	+	ENSG00000227413	RP5-1042K10.12
chr1	152373954	152445456	+	ENSG00000227415	RP1-91G5.3
chr1	37782457	37782885	-	ENSG00000227416	RP11-109P14.2
chr1	203805621	203806263	-	ENSG00000227417	RP11-397P13.6
chr2	724966	731224	-	ENSG00000227713	AC116609.1
chr21	39491544	39491898	-	ENSG00000228349	RPS26P4
CHR_HSCHR6_MHC_COX_CTG1	32629554	32630385	-	ENSG00000228845	MTCO3P1
chr1	40938104	40939763	-	ENSG00000228940	RP11-348A7.1
chr21	31060600	31063168	-	ENSG00000228941	UBE3AP2
chr1	28109739	28110298	+	ENSG00000228943	RP5-1053E7.2
chr2	233585439	233586291	+	ENSG00000228949	UGT1A12P
CHR_HSCHR6_MHC_DBB_CTG1	31816794	31821951	+	ENSG00000229300	C6orf48
chr7	63354457	63359306	+	ENSG00000229301	RP5-905H7.8
chrY	18276607	18277495	-	ENSG00000229302	TAF9P2
chr13	45436121	45436660	+	ENSG00000229303	PPIAP25
chr1	8189824	8192770	+	ENSG00000229305	RP11-431K24.2
chr21	12999676	13016692	-	ENSG00000229306	AP001464.4
chr13	62323657	62328833	+	ENSG00000229307	LINC00459
chrY	4036497	4100320	+	ENSG00000229308	AC010084.1
chr13	109400696	109401641	+	ENSG00000229792	LINC00399
chr17	30573471	30577000	-	ENSG00000231421	AC006050.2
chr10	25113058	25161236	+	ENSG00000231422	LINC01516
chr1	171247580	171251794	-	ENSG00000231424	RP1-45C12.1
chr2	202840331	202841781	-	ENSG00000233579	KRT8P15
chr16	52655307	52656045	+	ENSG00000234337	RP11-297L17.6
chr2	102438713	102440475	+	ENSG00000234389	AC007278.3
chr1	46742329	46743133	+	ENSG00000236476	RP11-8J9.5
chr7	65235790	65236723	-	ENSG00000237026	RP11-328P23.2
chr4	122077840	122078318	-	ENSG00000237868	AC097533.1
chr1	24777873	24777979	-	ENSG00000238482	RNU6-1208P
chrX	139702287	139702390	-	ENSG00000238485	snoU13
chr1	32986952	32988233	+	ENSG00000239670	RP4-803A2.2
chr7	140645829	140646126	+	ENSG00000240173	RN7SL771P
chr3	196397508	196397778	-	ENSG00000241868	RN7SL434P
chr15	90855935	90856207	-	ENSG00000241869	RN7SL363P
chr3	73808601	73902866	+	ENSG00000242741	RP11-20B7.1
chr15	58869659	58870134	+	ENSG00000242747	RP11-30K9.1
chr20	41196691	41197157	+	ENSG00000242748	RPL23AP81
chr5	72314397	72314688	-	ENSG00000244748	RN7SL153P
chr4	107863479	107978799	-	ENSG00000245293	RP11-286E11.1
chr11	18599787	18610255	+	ENSG00000247595	SPTY2D1-AS1
chr5	27472292	27496401	+	ENSG00000250337	LINC01021
chr7	6879627	6880626	-	ENSG00000250561	OR7E59P
chr3	98525061	98525274	-	ENSG00000250562	RPL38P4
chr8	126072587	126074231	+	ENSG00000250563	KNOP1P5
chr5	134429051	134460615	-	ENSG00000250564	RP11-215P8.4
chr2	46490750	46542557	-	ENSG00000250565	ATP6V1E2
chr4	68509441	68517647	-	ENSG00000250566	UGT2B29P
chr4	39973128	39973442	-	ENSG00000250568	RP11-333E13.2
chr8	86481754	86483002	-	ENSG00000250569	NTAN1P2
chr4	68626847	68628899	-	ENSG00000251074	RP11-1267H10.3
chr5	75752570	75753479	-	ENSG00000251078	SLC25A5P9
chr20	47873191	47873273	+	ENSG00000251770	RNA5SP486
chr20	57000087	57000157	+	ENSG00000251772	AL117380.2
chr3	86235321	86235424	+	ENSG00000251773	RNU6-1129P
chr3	12514706	12514807	+	ENSG00000251774	RNU6-377P
chr2	63883249	63883391	-	ENSG00000251775	ACA59
chr9	83200940	83201228	-	ENSG00000251776	RN7SKP242
chr17	76319376	76319473	+	ENSG00000251779	Y_RNA
chr19	34637696	34637781	-	ENSG00000252230	SNORD111
chr1	173921070	173921200	+	ENSG00000252231	RNA5SP67
chr4	139794125	139794433	-	ENSG00000252233	RN7SKP253
chr18	14118594	14118702	-	ENSG00000252234	AC006557.1
chr4	13051342	13051411	+	ENSG00000252235	RNU6-962P
chr1	156192063	156192203	-	ENSG00000252236	SNORA26
chr12	28319335	28319463	-	ENSG00000252237	RNU4-54P
chr2	4827001	4827084	-	ENSG00000252238	SNORA31
CHR_HSCHR1_2_CTG3	13297705	13297811	-	ENSG00000252239	RNU6-1185P
chr5	173463500	173484584	+	ENSG00000253141	CTB-164N12.1
chr8	22895434	22897813	-	ENSG00000253142	RP11-87E22.1
chr8	70471112	70480623	-	ENSG00000253143	RP11-333A23.3
chr5	179082680	179083194	-	ENSG00000253144	RP11-281O15.7
chr8	20953127	20968904	+	ENSG00000253147	RP11-369E15.4
chr1	192316992	192367285	+	ENSG00000253148	RGS21
chr8	144314590	144315138	-	ENSG00000254690	GS1-393G12.12
chr11	77850604	77851511	+	ENSG00000254691	RP11-91P24.5
chr11	126208611	126209027	-	ENSG00000254694	RP11-50B3.4
chr11	15643885	15705368	+	ENSG00000254695	RP11-396O20.1
chr11	55282502	55282977	+	ENSG00000254696	RP11-72M10.7
chr11	78581675	78582156	+	ENSG00000254697	COPS8P3
chr11	82963681	83039115	-	ENSG00000254698	RP11-659G9.3
chr11	86192787	86193482	-	ENSG00000254699	RP11-12D16.2
chr11	91115961	91116555	+	ENSG00000255070	OSBPL9P3
chr11	18231423	18248635	-	ENSG00000255071	SAA2-SAA4
chr8	14879057	14879819	-	ENSG00000255076	CTD-2023J5.1
chr11	19380484	19385014	+	ENSG00000255270	NAV2-IT1
chr11	34533014	34557924	-	ENSG00000255271	RP4-594L9.2
chr11	33776188	33779495	+	ENSG00000255272	RP11-646J21.6
chr8	7082971	7083328	+	ENSG00000255273	AF238378.7
chr11	118015772	118086793	-	ENSG00000255274	TMPRSS4-AS1
chr1	18849273	18921121	-	ENSG00000255275	RP13-279N23.2
chr11	4137116	4138257	-	ENSG00000255276	RRM1-AS1
chr16	14820792	14824702	-	ENSG00000255277	ABCC6P2
chr11	41855920	41875997	+	ENSG00000255279	RP11-375D13.4
chr12	164664	166321	-	ENSG00000256694	RP11-598F7.5
chr12	120389546	120395994	+	ENSG00000256695	RP1-166H1.2
chr12	129208601	129212662	+	ENSG00000256699	RP11-669N7.3
chr12	127793527	127821183	-	ENSG00000256922	RP11-749H20.1
chr12	22742582	22743091	+	ENSG00000256923	RP11-449P1.1
chr10	133083073	133088491	-	ENSG00000256925	GPR123-AS1
chr11	73395559	73396436	-	ENSG00000256928	RP11-809N8.2
chr14	105487199	105492267	+	ENSG00000257341	CRIP1
chr12	57694132	57721510	-	ENSG00000257342	RP11-571M6.7
chr12	52746596	52748308	-	ENSG00000257343	RP11-641A6.8
chr12	92999218	93019820	+	ENSG00000257345	RP11-511B23.1
chr12	49090208	49093312	+	ENSG00000257346	RP11-386G11.8
chr15	20657638	20688408	-	ENSG00000258590	NBEAP1
chr14	94363716	94366702	-	ENSG00000258597	SERPINA2
chr14	64535702	64535879	-	ENSG00000259160	RP11-973N13.5
chr14	101843394	101844122	-	ENSG00000259161	CTD-2017C7.3
chr14	20437982	20441268	+	ENSG00000259162	RP11-203M5.6
chr14	90642638	90648894	+	ENSG00000259163	RP11-1078H9.5
chr14	69083398	69085389	+	ENSG00000259165	DDX18P1
chr14	81032529	81033404	+	ENSG00000259167	NMNAT1P1
chr14	60398934	60400013	-	ENSG00000259169	GNRHR2P1
chr2	91580336	91580863	+	ENSG00000261600	RP11-575H3.1
chr16	69709874	69710583	+	ENSG00000261602	CTD-2033A16.1
chr3	46719583	46736429	-	ENSG00000261603	PRSS46
chr5	43287601	43290839	+	ENSG00000261604	CTD-2636A23.2
chr15	74816223	74831795	+	ENSG00000261606	RP11-414J4.2
chr16	33948278	33948548	-	ENSG00000261607	RP11-812E19.5
chr16	35173316	35174093	+	ENSG00000261608	SLC25A1P4
chr16	81314952	81390884	+	ENSG00000261609	GAN
chr16	3308609	3308816	+	ENSG00000262554	LA16c-360H6.2
chr17	354737	356882	+	ENSG00000262558	RP11-1260E13.3
chr17	48724408	48724475	-	ENSG00000263602	MIR3185
chr17	30729469	30731202	+	ENSG00000263603	CTD-2349P21.5
chr17	27683946	27684144	-	ENSG00000263604	RP11-19P22.3
chr18	2945550	2946890	-	ENSG00000263606	RP11-737O24.3
chr6	30751038	30751289	+	ENSG00000263608	RN7SL353P
chr17	22234328	22266362	-	ENSG00000263609	RP11-1109M24.16
chr4	26637390	26637490	-	ENSG00000265627	AC093807.1
chr18	75844925	75868252	-	ENSG00000266460	RP11-173L6.1
chr14	100814491	100814574	+	ENSG00000266461	MIR2392
CHR_HSCHR6_MHC_MCF_CTG1	33369961	33370056	+	ENSG00000266464	Y_RNA
chr12	57774249	57774318	-	ENSG00000266465	AC025165.1
chr17	21532974	21542786	+	ENSG00000266466	RP11-822E23.2
chr10	68007718	68008017	-	ENSG00000266467	RN7SL220P
chr17	39401793	39406233	+	ENSG00000266469	CTB-131K11.1
chr18	62442028	62443126	+	ENSG00000266920	ACTBP9
chr19	43996896	44002836	-	ENSG00000266921	RP11-15A1.7
chr18	79787121	79791432	+	ENSG00000266924	RP11-154H12.2
chr17	20507413	20508931	-	ENSG00000266925	RP11-434D2.7
chr19	28294093	28313500	-	ENSG00000266928	CTB-70G10.1
chr17	42536510	42562062	+	ENSG00000266929	RP11-400F19.8
chr17	68189884	68192802	+	ENSG00000267731	RP11-147L13.8
chr18	56138612	56143221	+	ENSG00000267732	RP11-456O19.3
chr19	12880969	12884088	+	ENSG00000267735	CTD-2265O21.7
chr17	78315729	78347798	+	ENSG00000267737	AC061992.2
chrX	72777608	72779097	+	ENSG00000269911	FAM226B
chr7	16849957	16850725	-	ENSG00000270593	RP11-455J15.1
chr17	76551352	76551750	+	ENSG00000272386	RP11-666A8.12
chr22	41430934	41431375	+	ENSG00000273424	CTA-223H9.9
CHR_HSCHR4_6_CTG12	190028345	190031235	-	ENSG00000274972	FRG2
chr1	143729192	143729268	+	ENSG00000277331	AC239800.1
CHR_HSCHR15_4_CTG8	29849994	29972346	-	ENSG00000277401	TJP1
chr6	31355224	31355316	-	ENSG00000277402	MIR6891
CHR_HSCHR6_MHC_MANN_CTG1	29063961	29076488	+	ENSG00000277403	CR547123.1
chrKI270707.1	1649	1731	-	ENSG00000277905	FP325342.2
CHR_HSCHR15_1_CTG3	23160834	23174176	+	ENSG00000278070	AC116165.4
chr14	103208100	103208876	+	ENSG00000278071	RP11-736N17.10
chr3	116716460	116716624	+	ENSG00000278072	AC108713.1
CHR_HSCHR19KIR_RSH_A_HAP_CTG3_1	54803565	54814279	+	ENSG00000278074	KIR2DL4
chr18	79900555	79900903	-	ENSG00000278075	RP11-248M19.1
chr2	229993870	229993921	-	ENSG00000278076	AC009973.1
chr9	41644771	41644981	+	ENSG00000278077	RP11-157L3.10
chr16	29380242	29380345	+	ENSG00000278078	RP11-231C14.8
CHR_HSCHR19KIR_FH08_A_HAP_CTG3_1	54786292	54867036	+	ENSG00000278079	KIR3DL1
chr12	47960497	47963469	-	ENSG00000279840	RP1-228P16.9
chr16	81630193	81632038	+	ENSG00000279841	RP11-274A11.4
chr16	49900019	49900524	+	ENSG00000279842	RP11-305A4.2
chr19	19835158	19836016	+	ENSG00000279843	AC011477.2
chr2	160849313	160850676	-	ENSG00000279844	RP11-20F18.1
chr4	146180851	146181316	+	ENSG00000279845	RP11-6L6.4
chr15	99497812	99498375	-	ENSG00000279846	RP11-20G13.4
chr8	93134095	93166850	-	ENSG00000279847	C8orf87
chr22	27044001	27045315	+	ENSG00000279848	CTA-992D9.9
chrX	42285229	42285603	+	ENSG00000279849	FKSG70
chr6	131910191	131911527	+	ENSG00000280058	RP1-131F15.3
chr4	130808507	130811933	+	ENSG00000280059	RP11-401I19.2
chr3	50267558	50277546	+	ENSG00000012171	SEMA3B
chrX	21839636	21885424	+	ENSG00000012174	MBTPS2
chr6	143450807	143490010	+	ENSG00000034693	PEX3
chr17	42659305	42667006	+	ENSG00000037042	TUBG2
chr19	46838136	46850992	-	ENSG00000042753	AP2S1
chr1	42153421	42155824	+	ENSG00000044012	GUCA2B
chr5	65148736	65481920	-	ENSG00000049192	ADAMTS6
chr12	10699089	10723312	-	ENSG00000060138	YBX3
chr4	155758992	155807591	+	ENSG00000061918	GUCY1B3
chr22	19148576	19150283	-	ENSG00000063515	GSC2
chr15	83016422	83067354	-	ENSG00000064726	BTBD1
chr1	92167052	92184723	+	ENSG00000069712	KIAA1107
chr2	101001715	101024032	+	ENSG00000071082	RPL31
chrX	53374149	53422728	-	ENSG00000072501	SMC1A
chrX	53431258	53434373	-	ENSG00000072506	HSD17B10
chr7	100400826	100428992	-	ENSG00000078487	ZCWPW1
chr6	25652201	25701783	+	ENSG00000079689	SCGN
chr13	44939249	44989483	-	ENSG00000083635	NUFIP1
chr14	31100112	31207804	-	ENSG00000092148	HECTD1
chr17	41393724	41397592	-	ENSG00000094796	KRT31
chr20	7882981	7940474	-	ENSG00000101323	HAO1
chr7	106865278	106907145	+	ENSG00000105851	PIK3CG
chr7	95359944	95396368	-	ENSG00000105852	PON3
chr7	95404867	95435198	-	ENSG00000105854	PON2
chr7	20330702	20415754	+	ENSG00000105855	ITGB8
chr7	107168961	107202529	+	ENSG00000105856	HBP1
chr11	18278668	18322198	-	ENSG00000110756	HPS5
chr12	54301202	54351849	+	ENSG00000111481	COPZ1
chr6	165279664	165309607	-	ENSG00000112539	C6orf118
chr3	196935402	196942597	-	ENSG00000114503	NCBP2
chr2	241227264	241317061	-	ENSG00000115677	HDLBP
chr19	917287	921015	+	ENSG00000116014	KISS1R
chr2	46293667	46386703	+	ENSG00000116016	EPAS1
chr19	925781	975934	+	ENSG00000116017	ARID3A
chr1	11674480	11691650	-	ENSG00000116670	MAD2L2
chr6	167325086	167359503	+	ENSG00000120440	TTLL2
chr6	49692358	49713590	-	ENSG00000124490	CRISP2
chr14	20365667	20413429	-	ENSG00000129566	TEP1
chr19	47019820	47045775	+	ENSG00000130751	NPAS1
chr19	39328353	39342372	-	ENSG00000130755	GMFG
chrY	19567313	19606274	+	ENSG00000131002	TXLNGY
chrY	18581206	18590521	-	ENSG00000131007	TTTY9B
chr1	109603267	109619929	-	ENSG00000134183	GNAT2
chr1	109687814	109709039	+	ENSG00000134184	GSTM1
chr1	108692323	108701803	+	ENSG00000134186	PRPF38B
chr18	12446512	12658134	-	ENSG00000134278	SPIRE1
chr6	109440763	109443919	+	ENSG00000135587	SMPD2
chr2	73073382	73156721	-	ENSG00000135631	RAB11FIP5
chr2	73214222	73227237	+	ENSG00000135632	SMYD5
chr2	71453722	71686768	+	ENSG00000135636	DYSF
chr2	74471986	74483408	-	ENSG00000135637	CCDC142
chr2	72916260	72936071	+	ENSG00000135638	EMX1
chr2	218710845	218755416	+	ENSG00000135912	TTLL4
chr2	218450251	218568361	-	ENSG00000135913	USP37
chr2	231108230	231125118	-	ENSG00000135914	HTR2B
chr2	230864639	230879248	+	ENSG00000135916	ITM2C
chr2	227685210	227718012	-	ENSG00000135917	SLC19A3
chr2	223975112	224039319	-	ENSG00000135919	SERPINE2
chr10	26216307	26304558	+	ENSG00000136750	GAD2
chr10	26746593	26861087	-	ENSG00000136754	ABI1
chr10	27110112	27155266	-	ENSG00000136758	YME1L1
CHR_HSCHR6_MHC_COX_CTG1	29716754	29732497	+	ENSG00000137403	HLA-F
chr6	30688047	30691420	-	ENSG00000137404	NRM
chr13	102685744	102694504	-	ENSG00000139780	METTL21C
chr17	50862223	50867978	-	ENSG00000141232	TOB1
chr19	45079195	45091524	+	ENSG00000142252	GEMIN7
chr7	44876293	44885361	-	ENSG00000146676	PURB
chrX	48521158	48528716	+	ENSG00000147155	EBP
chr2	241776825	241804208	+	ENSG00000154252	GAL3ST2
chr4	68376323	68376505	+	ENSG00000162840	MT2P1
chr12	48567684	48570066	-	ENSG00000167531	LALBA
chr12	48813794	48828941	+	ENSG00000167535	CACNB3
chr17	28897781	28903071	-	ENSG00000167536	DHRS13
chr10	45615501	45672780	-	ENSG00000172671	ZFAND4
chr12	65278643	65488244	+	ENSG00000174099	MSRB3
chr8	123645527	123652950	-	ENSG00000175946	KLHL38
chr17	30769388	30824776	-	ENSG00000176390	CRLF3
chr1	201982372	202006147	+	ENSG00000176393	RNPEP
chr19	39538250	39540230	-	ENSG00000176396	EID2
chr9	22446841	22455740	+	ENSG00000176399	DMRTA1
chr11	695428	705028	+	ENSG00000177042	TMEM80
chr9	21140214	21142145	-	ENSG00000177047	IFNW1
chr6	39958414	39958833	-	ENSG00000180211	RP1-278E11.3
chr13	35474182	35477209	-	ENSG00000180660	MAB21L1
chr14	65467807	65468341	-	ENSG00000180662	RPL21P8
chr1	207043849	207052980	-	ENSG00000180667	YOD1
chr12	53985065	53990279	+	ENSG00000180818	HOXC10
chr12	124993700	125031231	+	ENSG00000184992	BRI3BP
chr19	15878023	15898120	-	ENSG00000186115	CYP4F2
chr19	44809059	44821420	+	ENSG00000187244	BCAM
chrX	85861180	86047562	-	ENSG00000188419	CHM
chr7	139452690	139483712	-	ENSG00000188883	KLRG2
chr2	96123850	96138436	-	ENSG00000188886	ASTL
chr2	213276552	213284205	-	ENSG00000196096	AC079610.2
chr3	98353854	98354819	+	ENSG00000196098	OR5K4
chr19	39243553	39245129	-	ENSG00000197110	IFNL3
chr20	53552770	53575308	+	ENSG00000197670	RP4-724E16.2
chr11	4690761	4691702	-	ENSG00000197674	OR51C1P
chr17	28719393	28724359	+	ENSG00000198242	RPL23A
chr10	71319258	71363385	+	ENSG00000198246	SLC29A3
chr14	100929919	100929990	+	ENSG00000201700	SNORD113-3
chr3	32037526	32037653	+	ENSG00000201701	SNORA25
chr15	59574103	59574222	-	ENSG00000201704	RNA5SP396
chr4	88201703	88201810	+	ENSG00000201707	RNU6-818P
chr12	38163403	38163515	-	ENSG00000201708	RNA5SP359
chr9	62802320	62802438	-	ENSG00000202474	RNA5SP283
chr5	164935162	164935268	-	ENSG00000206845	RNU6-209P
chr11	75400391	75400538	+	ENSG00000206941	SNORD15A
chr18	48169784	48169890	-	ENSG00000206944	RNU6-708P
chrX	154768528	154768659	+	ENSG00000206948	SNORA36A
chr8	66501205	66501311	-	ENSG00000206949	RNU6-1324P
chr11	64891132	64891243	-	ENSG00000207648	MIR192
chrMT	15888	15953	+	ENSG00000210195	MT-TT
chr9	14921337	14922334	-	ENSG00000214110	LDHAP4
chrX	25029545	25030235	+	ENSG00000214111	RP1-258N20.3
chr5	53859166	53860401	+	ENSG00000217791	ASS1P9
chr6	121381472	121381860	+	ENSG00000220447	RP1-276J11.2
chr5	111555895	111555980	+	ENSG00000221310	AC008967.1
chr6	64974393	64974492	+	ENSG00000221312	AL109922.1
chr3	134410044	134410140	-	ENSG00000221313	AC010207.1
chr13	107121033	107121123	+	ENSG00000221316	AL445204.1
chrX	122471725	122471818	-	ENSG00000221317	AL513487.1
chr20	30402486	30402624	+	ENSG00000221319	AL441988.1
chr7	99713037	99713152	+	ENSG00000221487	AC069294.1
chr11	87606783	87606885	+	ENSG00000223015	RNU6-1135P
chr1	916865	921016	-	ENSG00000223764	RP11-54O7.3
chr6	71450834	71458874	+	ENSG00000223765	RP1-288M22.2
CHR_HSCHR6_MHC_MANN_CTG1	30601522	30608359	+	ENSG00000223766	PRR3
CHR_HSCHR6_MHC_APD_CTG1	32245363	32247802	+	ENSG00000223767	RNF5
chr7	16938225	16938557	+	ENSG00000223867	AC098592.7
CHR_HSCHR6_MHC_MANN_CTG1	32555366	32555461	-	ENSG00000224230	DASS-397D15.5
chr6	29181510	29182445	+	ENSG00000224233	OR2J4P
CHR_HSCHR6_MHC_COX_CTG1	29435874	29437545	+	ENSG00000224234	OR10C1
chr1	87899909	87905714	-	ENSG00000224235	RP5-1027O11.1
chrX	123116107	123117781	-	ENSG00000224236	MRRFP1
chr3	27214816	27215018	-	ENSG00000224237	MINOS1P3
chr3	857124	858091	+	ENSG00000224239	AC090044.2
chr5	64674853	64675387	+	ENSG00000224296	MRPL49P1
chr6	81845185	81933480	-	ENSG00000226453	RP11-379B8.1
chr1	16369150	16369530	-	ENSG00000226457	RP11-430L17.1
chr3	53474700	53475089	-	ENSG00000227224	RP11-72H11.1
chr22	16904219	16904696	-	ENSG00000230481	IGKV1OR22-5
chr2	197263111	197263535	+	ENSG00000230482	ATP5G2P3
chr11	5468486	5469422	-	ENSG00000230484	OR51A10P
chr7	1570073	1589626	+	ENSG00000230487	PSMG3-AS1
chr1	107964443	107994607	+	ENSG00000230489	VAV3-AS1
chr1	59020387	59044614	+	ENSG00000230812	LINC01358
chr1	246527030	246528155	+	ENSG00000230813	RP11-690C23.5
chrY	22528281	22536639	+	ENSG00000230814	USP9YP24
CHR_HSCHR6_MHC_COX_CTG1	33025668	33029223	-	ENSG00000230816	COL11A2P1
chr10	19747823	19748621	+	ENSG00000230818	MTND2P16
chrY	25018499	25019303	-	ENSG00000230819	ZNF736P5Y
chr2	105097052	105102944	-	ENSG00000231851	AC104655.2
chr6	32038265	32041670	+	ENSG00000231852	CYP21A2
CHR_HSCHR6_MHC_MANN_CTG1	30884177	30892811	-	ENSG00000231854	XXbac-BPG27H4.8
chr13	51803838	51813832	+	ENSG00000231856	RP11-327P2.5
chrX	65327988	65331233	-	ENSG00000231857	MORF4L1P5
chr7	97906429	97906822	+	ENSG00000231859	AC007875.2
chr11	64500853	64505386	+	ENSG00000232500	AP005273.1
chr2	94760774	94761116	-	ENSG00000232502	AC073464.7
chr2	130776646	130776957	+	ENSG00000232503	CYCSP8
chr2	85889280	85890980	+	ENSG00000232504	ST3GAL5-AS1
chr6	29223973	29290440	+	ENSG00000232505	XXbac-BPG308J9.3
chr2	88364695	88365608	-	ENSG00000232508	MRPL45P1
chr7	56875385	56882146	-	ENSG00000233437	RP13-580B18.1
chr1	32349194	32350663	-	ENSG00000233775	RP4-811H24.9
chr21	43783123	43783573	+	ENSG00000234030	TMEM97P1
chr13	61805150	61805676	+	ENSG00000234033	RAC1P8
chr21	22500604	22520058	-	ENSG00000234034	AP000959.2
chrX	131937670	131937853	+	ENSG00000235190	RP1-197O17.3
CHR_HSCHR6_MHC_QBL_CTG1	29071811	29072586	-	ENSG00000235195	OR2P1P
chr10	37894637	37896666	+	ENSG00000235197	ZNF33AP1
chr10	94865852	94873129	-	ENSG00000235199	CYP2C58P
chr3	195561215	195561580	-	ENSG00000236425	AC090018.1
CHR_HSCHR6_MHC_SSTO_CTG1	30668637	30671637	-	ENSG00000236428	PPP1R18
chr10	30919012	30921235	-	ENSG00000237135	DDX10P1
chr4	145680204	145771032	+	ENSG00000237136	C4orf51
chr21	32020966	32021782	-	ENSG00000237138	HUNK-AS1
chr10	73537803	73538391	+	ENSG00000237139	RP11-137L10.5
chr2	218326889	218357966	-	ENSG00000237281	CATIP-AS2
chr20	18379049	18381484	+	ENSG00000237282	LINC00851
chr1	188705623	188710880	-	ENSG00000237283	RP11-316I3.1
CHR_HSCHR6_MHC_SSTO_CTG1	29487242	29488378	-	ENSG00000237284	MAS1L
chr6	32325219	32326178	+	ENSG00000237285	HNRNPA1P2
chr7	2944035	2947091	+	ENSG00000237286	AC004906.3
chr15	43593054	43604901	+	ENSG00000237289	CKMT1B
chr22	37352190	37354839	-	ENSG00000237862	RP1-63G5.7
chrX	108736011	108738903	+	ENSG00000237863	RP6-24A23.3
chr22	28056153	28056453	-	ENSG00000239249	RN7SL757P
chr14	28489910	28490362	+	ENSG00000240179	RPL26P3
chr1	190480379	190494297	+	ENSG00000241505	RP11-161I10.1
chr3	68635705	68637024	+	ENSG00000241506	PSMC1P1
chr1	62072448	62072741	+	ENSG00000242860	RN7SL180P
chr1	225840883	225846522	-	ENSG00000242861	RP11-285F7.2
chr13	51469753	51470047	+	ENSG00000243900	RN7SL320P
chr22	37339583	37427445	-	ENSG00000243902	RP1-63G5.5
chr3	59380024	59388704	-	ENSG00000243903	RP11-285B24.1
chr14	103374033	103374916	-	ENSG00000243904	RP11-600F24.1
chr4	14909961	15002045	-	ENSG00000247624	CPEB2-AS1
chr11	100684162	100687955	-	ENSG00000248027	CTD-2383M3.1
chr5	55063179	55066230	+	ENSG00000248029	CTD-2313F11.3
chr5	136214048	136222159	+	ENSG00000248211	TRPC7-AS1
chr4	118635970	118638782	-	ENSG00000248213	CICP16
chr4	36496537	36641900	-	ENSG00000248215	RP11-722M1.1
chr5	37505688	37506857	-	ENSG00000248216	KCTD9P5
chr4	3312512	3313058	+	ENSG00000248840	RP11-357G3.2
chr5	146400981	146407359	+	ENSG00000248842	CTB-1H10.1
chr4	3323977	3324762	-	ENSG00000248843	RP11-357G3.1
chr11	70056230	70065371	-	ENSG00000248844	RP11-626H12.3
chr5	66206212	66209447	-	ENSG00000248846	CTD-2016O11.1
chr4	74054038	74055399	-	ENSG00000248848	PPBPP2
chr4	41722538	41723512	-	ENSG00000249081	OR5M14P
chr5	135038831	135040047	-	ENSG00000249082	C5orf66-AS1
chr1	23368997	23371839	+	ENSG00000249087	ZNF436-AS1
chr5	39022411	39022558	+	ENSG00000249089	AIG1P1
chr5	17610990	17611583	+	ENSG00000249156	RP11-432M8.9
chr4	75194867	75195079	+	ENSG00000250560	RP11-598G2.1
chr5	103408941	103412511	-	ENSG00000250567	CTD-2154H6.1
chr19	17972025	17972117	+	ENSG00000252591	RNA5SP468
chr8	102533241	102533339	-	ENSG00000252593	RNU6-1224P
chr8	46831050	46831156	+	ENSG00000252594	RNU6-656P
chr20	18095571	18095632	-	ENSG00000252597	RNU7-137P
chr18	72751952	72752051	+	ENSG00000252598	RNA5SP460
chr2	44154789	44154895	-	ENSG00000252599	RNU6-566P
chr8	38600661	38601200	-	ENSG00000253570	RNF5P1
chr5	77942757	77946438	-	ENSG00000253572	RP11-107N7.1
chr12	21827210	21887957	+	ENSG00000257022	RP11-729I10.2
chr14	65879592	65881070	-	ENSG00000258629	CTD-2014B16.1
chr15	87042054	87047161	+	ENSG00000259761	RP11-138H10.2
chr15	85750336	85752901	-	ENSG00000259762	RP11-158M2.4
chr15	96235785	96236703	+	ENSG00000259763	RP11-327J17.1
chr15	83022236	83024336	-	ENSG00000259767	RP11-90B9.2
chr1	46967679	46967874	-	ENSG00000259832	CYP4A26P
chr16	51054728	51056399	-	ENSG00000260620	RP11-883G14.4
chr16	56409320	56411683	+	ENSG00000260621	RP11-413H22.2
chr2	231810348	231810844	-	ENSG00000260622	RP11-690I21.3
chr16	31508471	31509256	+	ENSG00000260625	RP11-452L6.7
chr16	33533816	33534976	-	ENSG00000260626	RP11-23E10.3
chr16	31975803	32003728	+	ENSG00000260628	RP11-1166P10.1
chr11	5244554	5245547	-	ENSG00000260629	BGLT3
CHR_HSCHR1_1_CTG31	153802951	153803052	-	ENSG00000262710	Y_RNA
chr16	4335870	4337818	-	ENSG00000262712	RP11-295D4.1
chr16	53386944	53389085	+	ENSG00000262714	RP11-44F14.8
CHR_HSCHR6_MHC_SSTO_CTG1	31531850	31531927	-	ENSG00000263442	SNORD83
chr8	122700269	122703423	-	ENSG00000263443	RP11-973F15.2
chr4	76573568	76573632	+	ENSG00000263445	MIR4450
chr2	77041778	77041863	-	ENSG00000263447	AC079117.3
chr12	85647253	85647320	-	ENSG00000263449	AC021887.1
chr5	535840	535882	-	ENSG00000264233	MIR4456
chr1	71141975	71142068	-	ENSG00000264239	AL360297.1
chr7	44110849	44110912	+	ENSG00000264652	MIR4649
chr17	40367952	40368438	+	ENSG00000264655	CTD-2267D19.4
chr18	76623006	76639011	-	ENSG00000266312	RP11-111H3.3
chr16	50712844	50713589	+	ENSG00000270120	RP11-327F22.6
chr5	136080471	136080597	-	ENSG00000270123	VTRNA2-1
chr16	85580009	85583571	-	ENSG00000270124	RP11-118F19.1
chr17	63610772	63611184	-	ENSG00000270587	RP11-51F16.9
chr17	48899131	48899748	+	ENSG00000270781	RP11-501C14.9
chr3	120924612	120925158	-	ENSG00000270782	RP11-500K19.2
chr15	20005905	20005935	-	ENSG00000270783	IGHD3OR15-3A
chr15	32461666	32461809	-	ENSG00000270789	RP11-632K20.8
chr5	175483595	175484192	-	ENSG00000270839	CTC-571O20.1
chr13	21216555	21216660	+	ENSG00000271250	RP11-101P17.14
chr15	21012559	21012589	-	ENSG00000271255	IGHD3OR15-3B
chr5	58503295	58503700	+	ENSG00000271257	CTD-2117L12.3
chr12	89371820	89372359	+	ENSG00000271259	RP11-1109F11.5
chr14	101948347	101949425	+	ENSG00000271780	RP11-1017G21.5
chr5	675826	676616	+	ENSG00000271781	CTD-2589H19.6
chr1	50437028	50437306	-	ENSG00000271782	RP5-850O15.4
chr20	46689659	46690289	+	ENSG00000271784	RP1-28H20.3
chr10	18642476	18655194	-	ENSG00000271786	RP11-139J15.7
chr2	10054421	10054866	-	ENSG00000271787	RP11-254F7.3
chr6	111297126	111298510	+	ENSG00000271789	RP5-1112D6.7
chr16	73060245	73060759	+	ENSG00000272250	RP11-346C20.4
chr8	73042910	73043346	-	ENSG00000272254	RP11-531A24.7
chr5	139644460	139645002	-	ENSG00000272255	CTD-3224K15.3
chr20	63009383	63085071	+	ENSG00000272259	RP11-305P22.9
chr4	1550284	1550572	+	ENSG00000272783	RP13-1016M1.2
chr4	183094423	183095056	-	ENSG00000272784	RP11-335L23.5
chr22	23969211	23969873	+	ENSG00000272787	KB-226F1.2
chr18	8801656	8802305	+	ENSG00000272788	RP11-674N23.4
chr2	127625997	127626848	-	ENSG00000272789	RP11-286H15.1
chr22	19017834	19020248	+	ENSG00000273032	DGCR9
chr17	76558791	76558868	+	ENSG00000274091	SNORD1C
chr8	143837756	143837816	-	ENSG00000274094	MIR6845
chr9	67791499	67791782	-	ENSG00000274098	Metazoa_SRP
chr15	23179869	23182049	+	ENSG00000274099	ABCB10P1
CHR_HSCHR7_2_CTG6	143123719	143124825	-	ENSG00000274360	AC245136.1
chr1	121045497	121045588	-	ENSG00000274361	AC241377.1
CHR_HSCHR2_3_CTG7_2	131795990	131802689	-	ENSG00000274362	C2orf27B
chr17	4267691	4268430	+	ENSG00000274363	RP11-104O19.4
chrY	6789153	6789344	+	ENSG00000274365	RP11-507A3.1
chr1	121412448	121412548	+	ENSG00000274366	AC244021.1
chr8	18582843	18582943	-	ENSG00000274368	AC100800.1
chr10	36438661	36438788	+	ENSG00000274458	SNORA40
chr12	68575858	68576136	-	ENSG00000274459	Metazoa_SRP
CHR_HSCHR19LRC_PGF1_CTG3_1	54575219	54575294	+	ENSG00000275570	CU024913.2
CHR_HSCHR1_1_CTG3	2640963	2801649	-	ENSG00000275571	TTC34
chr7	2474844	2476894	-	ENSG00000275572	GRIFIN
CHR_HSCHR17_1_CTG5	46833127	46833407	+	ENSG00000275574	Metazoa_SRP
CHR_HSCHR8_5_CTG7	141427290	141438356	+	ENSG00000275575	PTP4A3
chr20	32116171	32116629	+	ENSG00000275576	RP5-836N17.4
CHR_HSCHR19LRC_COX2_CTG3_1	54040833	54063953	-	ENSG00000275577	VSTM1
chrY	17705968	17708185	-	ENSG00000275578	RP11-357E16.1
CHR_HSCHR5_2_CTG1_1	70347654	70347766	+	ENSG00000275579	AC146335.1
chr2	196289409	196289707	+	ENSG00000276200	Metazoa_SRP
chr9	66106815	66153135	-	ENSG00000276203	ANKRD20A3
chr9	67328207	67329404	-	ENSG00000276204	RP11-203I2.2
chr19	54031412	54031504	+	ENSG00000276206	CTD-3093M3.1
chr13	58377513	58377774	+	ENSG00000276208	RP11-168J5.2
CHR_HSCHR19KIR_G085_BA1_HAP_CTG3_1	54819179	54834168	+	ENSG00000276209	KIR2DS4
CHR_HSCHR19LRC_COX1_CTG3_1	54347370	54369057	+	ENSG00000276537	TTYH1
chr20	38103524	38104961	-	ENSG00000277550	RP5-1057B20.3
CHR_HSCHR19KIR_FH05_B_HAP_CTG3_1	54724203	54736221	+	ENSG00000277552	KIR3DL3
CHR_HSCHR19KIR_RSH_A_HAP_CTG3_1	54724465	54767826	+	ENSG00000277554	KIR2DL3
chrX	119807433	119807581	-	ENSG00000277555	CTA-38K21.5
chr9	104598457	104599413	-	ENSG00000277556	OR13C5
CHR_HSCHR17_7_CTG4	37619509	37619617	-	ENSG00000277557	MIR378J
chr20	34476205	34476787	+	ENSG00000277558	RP3-468O1.6
chr16	54290965	54292422	+	ENSG00000277559	RP11-434E6.4
chr14	16053818	16053932	+	ENSG00000279060	ABBA01010927.1
chr1	172752586	172752924	+	ENSG00000279061	RP3-332O11.2
chr21	10136419	10137004	+	ENSG00000279062	CH507-216K13.1
chr13	20194412	20196005	+	ENSG00000279065	RP11-264J4.10
chr7	96118647	96119995	+	ENSG00000279067	GS1-25M2.1
chr5	141182409	141188582	+	ENSG00000279068	CH17-140K24.5
chr17	62679403	62681354	-	ENSG00000279713	CTD-3035K23.3
chr19	15398696	15400356	+	ENSG00000279716	AC006128.2
chr15	79989905	79990606	+	ENSG00000279719	RP11-81A1.7
chrY	12904937	12918122	+	ENSG00000280001	DDX3Y
chr19	46792971	46793189	-	ENSG00000280050	AC008622.1
chr12	129262345	129262824	+	ENSG00000280051	RP11-206B11.1
chrY	22992344	22998268	+	ENSG00000280052	BPY2
chr4	92260367	92260751	-	ENSG00000280056	RP11-562F9.3
chr14	77274956	77320884	-	ENSG00000009830	POMT2
chr11	73646178	73662819	+	ENSG00000021300	PLEKHB1
chr6	161129979	161274061	-	ENSG00000026652	AGPAT4
chr1	19312326	19329300	+	ENSG00000040487	PQLC2
chr7	100574011	100586153	-	ENSG00000077454	LRCH4
chr11	95768942	95790409	-	ENSG00000077458	FAM76B
chr22	41091786	41180077	+	ENSG00000100393	EP300
chr22	41205205	41231271	+	ENSG00000100395	L3MBTL2
chr22	41229510	41240934	-	ENSG00000100399	CHADL
chr14	54509812	54539309	+	ENSG00000100532	CGRRF1
chr19	15049384	15058293	+	ENSG00000105141	CASP14
chr19	14950034	15022990	-	ENSG00000105143	SLC1A6
chr19	57230802	57235548	+	ENSG00000105146	AURKC
chr7	44138864	44141332	-	ENSG00000106631	MYL7
chr7	44144271	44198170	-	ENSG00000106633	GCK
chr7	73536356	73558002	-	ENSG00000106635	BCL7B
chr7	44200968	44214294	+	ENSG00000106636	YKT6
chr7	73568932	73578791	-	ENSG00000106638	TBL2
chr5	140647058	140662479	+	ENSG00000113141	IK
chr3	48517684	48562015	-	ENSG00000114268	PFKFB4
chr1	200969390	201023700	-	ENSG00000116852	KIF21B
chr9	32384603	32454769	+	ENSG00000122729	ACO1
chrX	149781930	149787737	+	ENSG00000123584	MAGEA9B
chr6	42963870	42979220	-	ENSG00000124587	PEX6
chr6	2987987	3028869	+	ENSG00000124588	NQO2
chr13	103043998	103066846	-	ENSG00000125255	SLC10A2
chr17	3668815	3669668	+	ENSG00000127774	EMC6
chr1	230057990	230282124	+	ENSG00000143641	GALNT2
chr1	230906243	230978875	-	ENSG00000143643	TTC13
chr1	224114087	224162047	+	ENSG00000143756	FBXO28
chr2	241188509	241225377	+	ENSG00000146205	ANO7
chr5	123512099	123617045	+	ENSG00000151292	CSNK1G3
chr2	223751686	223838027	-	ENSG00000152056	AP1S3
chr5	55738017	55817157	+	ENSG00000152670	DDX4
chr2	70808643	70820600	-	ENSG00000152672	CLEC4F
chr2	111766271	111884690	-	ENSG00000153107	ANAPC1
chr1	26051304	26068436	-	ENSG00000158022	TRIM63
chr12	121917862	122003927	+	ENSG00000158023	WDR66
chr1	3489920	3611495	-	ENSG00000162591	MEGF6
chr1	3752398	3771645	+	ENSG00000162592	CCDC27
chr3	48223347	48225491	+	ENSG00000164047	CAMP
chr6	87282978	87329278	-	ENSG00000164411	GJB7
chr6	87470623	87512336	+	ENSG00000164414	SLC35A1
chr6	101398788	102070083	+	ENSG00000164418	GRIK2
chr10	45454585	45594906	-	ENSG00000165406	MARCH8
chr11	4680171	4697854	-	ENSG00000167332	OR51E2
chr11	4598672	4608259	-	ENSG00000167333	TRIM68
chr11	67631303	67639560	-	ENSG00000167800	TBX10
chr4	184387713	184474580	-	ENSG00000168310	IRF2
chr3	39467198	39529479	+	ENSG00000168314	MOBP
chr8	37934281	37940129	-	ENSG00000169154	GOT1L1
chr17	62701314	62808344	-	ENSG00000173838	MARCH10
chr15	75639085	75648706	-	ENSG00000177971	IMP3
chr17	8247618	8270491	+	ENSG00000178921	PFAS
chr1	43451003	43453989	-	ENSG00000178922	HYI
chr17	82442589	82450829	-	ENSG00000178927	C17orf62
chr19	47801243	47819051	-	ENSG00000178928	TPRX1
chr14	20505537	20511169	+	ENSG00000182545	RNASE10
chr11	32435518	32458769	+	ENSG00000183242	WT1-AS
chr19	7868719	7874379	-	ENSG00000183248	FLJ22184
chr21	14000927	14005279	+	ENSG00000183249	NF1P3
chr1	226223618	226227054	+	ENSG00000185155	MIXL1
chr17	8797162	8799349	-	ENSG00000185156	MFSD6L
chr17	32007872	32053504	+	ENSG00000185158	LRRC37B
chr3	112463968	112499561	-	ENSG00000186265	BTLA
chr1	21434318	21437558	+	ENSG00000186543	CROCCP5
chr1	206186179	206204414	-	ENSG00000196550	FAM72A
chr16	1153241	1221771	+	ENSG00000196557	CACNA1H
chr5	132294443	132344206	+	ENSG00000197208	SLC22A4
chr9	35161992	35405338	+	ENSG00000198722	UNC13B
chr19	7492976	7508450	+	ENSG00000198723	C19orf45
chr6	37482920	37499922	-	ENSG00000198937	CCDC167
chr7	102336869	102336970	+	ENSG00000200552	Y_RNA
chr4	119947131	119947232	+	ENSG00000200553	Y_RNA
chr7	65814672	65814775	+	ENSG00000200670	RNU6-912P
chr7	144849755	144850084	-	ENSG00000200673	RN7SKP174
chr1	173791548	173791887	+	ENSG00000200674	RN7SKP160
chr15	90755243	90755312	-	ENSG00000200677	SNORD18
chr6	79301963	79302066	-	ENSG00000201464	Y_RNA
chr7	138187998	138188129	-	ENSG00000201465	SNORA51
chrX	17044380	17044511	-	ENSG00000201467	SNORA16
chr2	48501922	48502024	-	ENSG00000202227	RNU6-282P
chr6	29173303	29174574	+	ENSG00000204700	OR2J2
chr6	29111891	29112826	+	ENSG00000204701	OR2J3
chr6	29100609	29101881	+	ENSG00000204702	OR2J1
chr6	29086307	29087313	-	ENSG00000204703	OR2B3
chr6	29044213	29045240	-	ENSG00000204704	OR2W1
chr2	95450310	95451500	-	ENSG00000204705	UBTFL5
chr9	70085816	70175888	-	ENSG00000204706	MAMDC2-AS1
chr6	28943877	28944537	+	ENSG00000204709	LINC01556
chr3	184115352	184117898	+	ENSG00000205955	HSP90AA5P
chr4	8482270	8512610	+	ENSG00000205959	RP11-689P11.2
chr13	75109587	75109693	+	ENSG00000206812	RNU6-38P
chr11	77691650	77691751	+	ENSG00000206816	Y_RNA
chr7	79912104	79912208	-	ENSG00000206818	RNU6-849P
chr17	68424451	68424548	-	ENSG00000207561	MIR635
chr22	39313819	39313911	-	ENSG00000209480	SNORD83B
chr22	39315213	39315307	-	ENSG00000209482	SNORD83A
chr6	71585089	71585201	+	ENSG00000211530	AL354933.1
chr19	53726922	53726986	+	ENSG00000211532	MIR526A2
chr20	39271540	39271615	+	ENSG00000211534	AL121588.1
chr3	48578902	48578977	-	ENSG00000211535	MIR711
chrX	50009722	50009805	+	ENSG00000211538	MIR501
chr22	22914237	22914308	+	ENSG00000211681	IGLJ5
chr22	22918132	22918201	+	ENSG00000211682	IGLJ6
chr22	23630618	23638941	-	ENSG00000211683	KB-1572G7.3
chr22	22921390	22921435	+	ENSG00000211684	IGLJ7
chr22	22922594	22923034	+	ENSG00000211685	IGLC7
chr7	38253380	38253429	-	ENSG00000211687	TRGJ2
chr7	38256337	38256396	-	ENSG00000211688	TRGJP2
chr7	38257879	38330821	-	ENSG00000211689	TRGC1
chr14	106184901	106185394	-	ENSG00000211945	IGHV1-18
chr14	106235064	106235594	-	ENSG00000211947	IGHV3-21
chr2	88383494	88383597	-	ENSG00000212133	RNU6-1168P
chr11	46762389	46762499	-	ENSG00000212135	SNORD67
chr17	41307700	41309253	-	ENSG00000212657	KRTAP16-1
chr17	41301826	41302851	-	ENSG00000212658	KRTAP29-1
chr17	41265339	41266641	+	ENSG00000212659	KRTAP9-6
chr10	105686322	105687051	+	ENSG00000213260	YWHAZP5
chrX	74376125	74376885	-	ENSG00000213269	AC004386.4
chr4	187970273	187971284	+	ENSG00000213331	RP11-713C19.2
chr4	186328716	186329601	-	ENSG00000213332	SLC25A5P6
chrX	154622428	154623500	-	ENSG00000213338	ATF4P1
chr12	72790451	72790645	-	ENSG00000216084	AC131213.1
chr7	108036846	108036936	-	ENSG00000216085	AC005048.1
chr6	100177209	100178192	+	ENSG00000216378	RP3-344J20.1
chr21	27420380	27421023	-	ENSG00000217026	RPL10P1
chr6	144200447	144200965	-	ENSG00000217027	TPT1P4
chr6	75465123	75465570	+	ENSG00000217680	RP11-415D17.1
chr6	140761529	140762262	+	ENSG00000217684	RPS3AP24
chr13	98610292	98610876	-	ENSG00000217686	NUS1P4
chr6	142272	145083	-	ENSG00000217929	CICP18
chr6	151099529	151099933	+	ENSG00000219747	RP1-292B18.1
chr17	18411159	18414380	+	ENSG00000220161	FLJ35934
chr7	116944286	116944414	-	ENSG00000222150	RNA5SP239
chr20	35769785	35769867	-	ENSG00000222152	RNU6-1166P
chr7	53490148	53490439	-	ENSG00000222154	RN7SKP218
chr8	104425359	104425438	+	ENSG00000222158	AP003471.1
chr16	90144592	90144695	+	ENSG00000222359	RNU6-355P
chr2	47359505	47359777	-	ENSG00000222685	RN7SKP119
chr5	61557283	61557367	+	ENSG00000223200	AC008836.1
chr19	15052930	15053074	+	ENSG00000223201	AC004699.1
chr11	74685224	74685505	+	ENSG00000223202	RN7SKP297
chr6	143449809	143449911	+	ENSG00000223203	RNA5SP221
chr4	119434005	119434108	-	ENSG00000223208	RNU6-1217P
CHR_HSCHR6_MHC_SSTO_CTG1	33219899	33220308	+	ENSG00000224098	RPL32P1
chr1	209232196	209233419	+	ENSG00000224540	RP11-385M4.3
chr21	26158091	26175824	+	ENSG00000224541	AP001439.2
chr7	46144937	46145688	+	ENSG00000224547	ZNF619P1
chr10	37794276	37796109	-	ENSG00000225192	ZNF33BP1
chrX	48156367	48166350	+	ENSG00000225198	SSXP3
chr20	49134480	49135012	+	ENSG00000226284	ARPC3P1
chr7	79543911	79544853	-	ENSG00000226285	AC091813.2
chr1	193678894	193727035	+	ENSG00000226640	RP11-21J7.1
chrX	41322601	41323111	-	ENSG00000226641	RP13-13A3.1
chr3	12070195	12071360	+	ENSG00000226642	ACTG1P12
chr1	222452738	222454705	-	ENSG00000226643	RP11-358H9.1
chr20	2207217	2213151	+	ENSG00000226644	RP11-128M1.1
chr11	116773389	116774205	+	ENSG00000226645	AP006216.10
chr10	35697300	35698037	+	ENSG00000226646	RPL7P37
chr10	5712174	5744067	-	ENSG00000226647	RP11-336A10.2
chr20	41098329	41138003	-	ENSG00000226648	PLCG1-AS1
chr2	3156756	3157797	+	ENSG00000226649	AC019118.4
chr2	237059434	237085817	-	ENSG00000227252	AC105760.2
chr10	32266289	32269474	+	ENSG00000227253	RP11-166N17.1
chr13	34082429	34083310	-	ENSG00000227254	VDAC1P12
chr17	15764703	15765664	+	ENSG00000227255	CDRT15P2
chr21	32277863	32280988	+	ENSG00000227256	MIS18A-AS1
chr9	96918928	96919318	+	ENSG00000227257	RP11-330M2.3
chr13	44110451	44240517	+	ENSG00000227258	SMIM2-AS1
chr2	100591150	100591324	-	ENSG00000227259	HMGN2P22
chr9	85492579	85494094	+	ENSG00000227412	STK33P1
chr2	192749845	192776899	+	ENSG00000227418	PCGEM1
chr15	43875849	43876244	-	ENSG00000227973	PIN4P1
chr7	36228621	36228884	-	ENSG00000228770	AC007327.6
chrX	52583989	52586312	+	ENSG00000228771	RP11-552J9.1
chr6	22589137	22593833	-	ENSG00000228772	RP1-309H15.2
chr7	141704338	141738346	-	ENSG00000228775	WEE2-AS1
chr1	42140635	42141391	+	ENSG00000228776	RP11-319C21.1
chr6	115633542	115634191	-	ENSG00000228777	RP11-282C5.1
chr10	99527081	99528261	+	ENSG00000228778	RP11-129J12.1
chr16	125737	127219	+	ENSG00000228779	Z69666.2
chr22	17418697	17419828	+	ENSG00000229492	AC004019.10
chr2	82268427	82269927	-	ENSG00000229560	LYARP1
chrX	137660519	137662242	+	ENSG00000229562	ZFYVE9P1
chrX	45505388	45630202	+	ENSG00000229563	LINC01204
chr4	117834401	117869948	+	ENSG00000229565	AC108056.1
chr1	93278961	93279129	-	ENSG00000229567	RP4-717I23.2
chr2	136544712	136545542	+	ENSG00000229568	AC010146.1
chr10	79000484	79003803	-	ENSG00000229569	RP11-481G8.2
chr17	58157028	58157800	+	ENSG00000229590	MSX2P1
chr6	33338978	33339495	+	ENSG00000229596	MYL8P
CHR_HSCHR6_MHC_DBB_CTG1	29899383	29900245	-	ENSG00000230357	MCCD1P1
chr3	192029880	192036557	+	ENSG00000232353	RP11-655G22.1
chr1	229223461	229227562	-	ENSG00000233920	RP5-1061H20.5
chrX	36374793	36375183	-	ENSG00000233921	RPS15AP40
chr21	45593654	45603056	+	ENSG00000233922	AL133493.2
chr14	55004813	55005687	-	ENSG00000233924	AL160471.6
chr9	81689713	81776900	+	ENSG00000233926	RP11-154D17.1
chr19	8321158	8323340	+	ENSG00000233927	RPS28
chr1	16241213	16241398	-	ENSG00000233929	MT1XP1
chr21	38988707	39006153	-	ENSG00000235888	AF064858.8
chr10	20804293	20804577	+	ENSG00000235940	MTND1P21
CHR_HSCHR6_MHC_APD_CTG1	31882493	31884975	+	ENSG00000235941	HSPA1A
chr1	152842868	152843983	+	ENSG00000235942	LCE6A
chr3	171894436	171895240	+	ENSG00000235943	TMEM212-IT1
chr7	5823160	5854435	+	ENSG00000235944	ZNF815P
chrX	104062542	104063037	-	ENSG00000235946	LL0XNC01-240C2.1
chr3	4749192	4751590	-	ENSG00000235947	EGOT
chr2	154696462	154697817	-	ENSG00000235949	AC061961.2
CHR_HSCHR6_MHC_DBB_CTG1	30857662	30866606	-	ENSG00000236492	DDR1-AS1
chr15	20855251	20855357	-	ENSG00000238489	RNU6-749P
chrX	40535502	40535563	-	ENSG00000238730	RNU7-164P
chr16	72673503	72673564	+	ENSG00000238731	RNU7-90P
chr2	20246326	20246387	-	ENSG00000238735	RNU7-113P
chr15	23364444	23364526	+	ENSG00000238737	AC100756.1
chr5	73154111	73154184	-	ENSG00000238738	AC116345.1
chr3	125756086	125756462	+	ENSG00000239432	GS1-388B5.8
chr3	98902424	99018562	+	ENSG00000239462	CTD-2021J15.1
CHR_HSCHR6_MHC_MCF_CTG1	32982065	33004180	-	ENSG00000239463	HLA-DMA
chr4	43598544	43598844	-	ENSG00000239464	RN7SL691P
chr17	48557262	48560333	+	ENSG00000239552	HOXB-AS2
chr6	73290403	73291262	+	ENSG00000239626	RPSAP41
chr11	5572322	5624896	-	ENSG00000239920	AC015691.13
chr3	127480690	127536812	-	ENSG00000239921	LINC01471
chr3	147940004	148006755	+	ENSG00000239922	RP11-71N10.1
chr20	14223041	14223325	+	ENSG00000239923	RN7SL864P
chr11	63115880	63116338	-	ENSG00000239924	RPL29P22
chr3	64174401	64175147	+	ENSG00000239926	PRDX3P4
CHR_HSCHR6_MHC_SSTO_CTG1	30335053	30336806	+	ENSG00000239927	RPP21
chr1	100057990	100084471	-	ENSG00000241073	RP4-714D9.2
chr2	168451324	168451606	+	ENSG00000241074	RN7SL813P
CHR_HSCHR6_MHC_APD_CTG1	29422681	29432038	-	ENSG00000242289	OR5V1
chr3	60732144	60732636	-	ENSG00000244183	RP11-641C17.1
chr12	27389789	27446625	-	ENSG00000245311	ARNTL2-AS1
chr5	179859013	179861283	+	ENSG00000245317	CTC-241N9.1
chr4	28362279	28402864	-	ENSG00000250038	RP11-180C1.1
chr4	139231026	139231119	-	ENSG00000252362	RNU6-506P
chr1	200054061	200054165	+	ENSG00000252860	RNU6-570P
chr5	84196883	84196989	+	ENSG00000252861	RNU6-448P
chr12	101871742	101871801	-	ENSG00000252863	RNU6-1183P
chr8	140940562	140940663	+	ENSG00000252864	RNA5SP278
chr5	28624657	28624763	+	ENSG00000252867	RNU6-909P
chr14	59400023	59400151	+	ENSG00000252869	AL159140.1
chr11	14673606	14674555	-	ENSG00000255040	RP11-677N16.1
chr11	124744634	124746337	-	ENSG00000255045	RP11-677M14.2
chr12	9036344	9037244	+	ENSG00000255776	RP11-436I9.3
chr12	55729104	55730852	+	ENSG00000258056	RP11-644F5.11
chr15	27340524	27340804	+	ENSG00000258624	SERPINE4P
chr15	93825058	93825159	-	ENSG00000258627	RP11-76E17.1
chr14	77098311	77225462	+	ENSG00000259164	RP11-463C8.4
chr5	3596211	3600188	-	ENSG00000259603	CTD-2012M11.3
chr15	99396613	99401315	-	ENSG00000259760	RP11-20G13.2
chr16	72665170	72791624	+	ENSG00000259768	RP5-991G20.1
chr15	20046296	20047994	-	ENSG00000259769	RP11-1360M22.2
chr15	92779757	92781492	-	ENSG00000260361	CTD-2313J17.5
chr16	9666885	9676843	-	ENSG00000260362	RP11-297M9.1
chr19	48926171	48926444	+	ENSG00000260366	CTD-2639E6.4
chr16	28973962	28978824	-	ENSG00000260367	RP11-264B17.4
chr17	80453735	80454729	-	ENSG00000260369	CTD-2526A2.2
chr16	64260570	64261239	-	ENSG00000260668	RP11-744D14.1
chr16	56183726	56186306	-	ENSG00000261013	CTD-2050B12.1
chr7	42901272	42902639	-	ENSG00000261019	RP11-111K18.2
chr16	3051096	3059370	-	ENSG00000261971	RP11-473M20.7
CHR_HSCHR16_1_CTG3_1	55843031	55952925	-	ENSG00000261972	CES5A
chr17	80023894	80026107	+	ENSG00000261978	CTD-2529O21.2
chr16	14302288	14326353	+	ENSG00000262454	RP11-65J21.3
chr17	2384847	2386664	+	ENSG00000262456	RP1-59D14.1
chr17	2586330	2587866	-	ENSG00000262953	EIF4A1P9
chr16	16292178	16294806	-	ENSG00000263198	NOMO3
chr17	54702936	54703430	+	ENSG00000263199	RP11-372K20.1
chr15	74788672	74788757	-	ENSG00000264386	MIR4513
chr13	55174454	55174548	+	ENSG00000264387	MIR5007
chr18	71588537	71588884	+	ENSG00000264388	RP11-752P2.1
chr16	2133119	2133204	+	ENSG00000265867	MIR4516
chr11	74720268	74720337	-	ENSG00000265902	MIR4696
CHR_HSCHR6_MHC_COX_CTG1	30854117	30854419	+	ENSG00000265903	RN7SKP138
chr17	39297405	39297489	-	ENSG00000265904	AC005288.1
chr2	38936876	38937158	-	ENSG00000265905	RN7SL96P
chr17	28944796	28945394	+	ENSG00000265908	RP11-20B24.6
chr17	30978610	30980250	-	ENSG00000266340	RP11-848P1.4
chr10	73428667	73428736	+	ENSG00000266344	AL353731.1
chr6	73432984	73433084	+	ENSG00000266346	AC019205.2
chr12	89592833	89592927	+	ENSG00000266347	AC068641.1
chr15	61743941	61744019	+	ENSG00000266349	AC018618.1
chr19	15760241	15779909	-	ENSG00000267594	CYP4F24P
chr18	61957273	61958014	-	ENSG00000267597	RPIAP1
chr19	27918943	27929370	+	ENSG00000267630	AC005758.1
chr19	49035610	49036895	-	ENSG00000267631	CGB1
chr17	42509784	42511519	+	ENSG00000267632	RP11-400F19.18
chr19	13772118	13774118	-	ENSG00000267633	CTB-5E10.3
chr17	44365014	44365751	-	ENSG00000267634	RPL7L1P5
CHR_HSCHR17_5_CTG4	41265358	41265882	+	ENSG00000267635	RP11-206C20.1
chr19	31421997	31427302	+	ENSG00000267636	AC008992.1
chr17	59784813	59785035	+	ENSG00000267637	RP11-619I22.1
chr19	193236	196050	+	ENSG00000267639	CICP19
chr1	86932199	86934891	-	ENSG00000267734	RP4-604K5.3
chr2	26028208	26028612	-	ENSG00000268412	TRMT112P6
chr19	20746923	20755250	-	ENSG00000268416	CTD-2626G11.2
chr1	235104180	235104609	-	ENSG00000273416	RP4-597N16.4
chr7	149858400	149862492	-	ENSG00000273419	RP4-751H13.7
chr8	2076589	2076640	+	ENSG00000273593	MIR7160
chr12	111304142	111304209	+	ENSG00000273700	MIR6760
chr9	67175775	67176035	-	ENSG00000274852	Metazoa_SRP
chr13	48974967	48976867	-	ENSG00000275202	RP11-156K23.3
CHR_HSCHR11_1_CTG7	3047202	3047364	-	ENSG00000275205	U1
chr11	47179611	47179737	-	ENSG00000275208	MIR6745
chr21	8400991	8401039	+	ENSG00000275209	FP236383.4
chrX	52326166	52326762	+	ENSG00000276474	RP11-363G10.3
chr9	87799501	87821803	-	ENSG00000276478	RP11-65B23.5
CHR_HSCHR19KIR_GRC212_AB_HAP_CTG3_1	54707923	54712937	+	ENSG00000277271	GU182352.1
CHR_HSCHR16_1_CTG1	15106659	15108560	+	ENSG00000278440	AC243791.1
chr17	42823880	42823943	-	ENSG00000278447	MIR6781
chr11	48263861	48264778	+	ENSG00000279260	OR4X1
chr1	234757621	234760056	-	ENSG00000279261	PP2672
chr19	18448275	18448802	+	ENSG00000279262	CTD-3137H5.5
chr1	247948858	247949796	+	ENSG00000279263	OR2L8
chr5	8614356	8614696	+	ENSG00000279264	RP11-417J1.6
chr7	127349833	127350293	-	ENSG00000279265	AC000123.3
chr11	20131730	20135465	+	ENSG00000279266	RP11-371I20.2
chr2	113605867	113607908	-	ENSG00000279267	RP11-395L14.18
chr15	65226472	65226697	-	ENSG00000279268	RP11-628M2.1
chr11	93206990	93207583	-	ENSG00000279269	RP11-573M3.5
chr16	31093727	31095944	+	ENSG00000280160	RP11-196G11.3
chr16	67205175	67206849	-	ENSG00000280163	CTC-277H1.6
chr21	6721812	6725209	+	ENSG00000280164	CH507-254M2.3
chr13	61409685	61415522	-	ENSG00000280165	PCDH20
chrY	17878267	17879892	-	ENSG00000280290	CDY2A
chr17	42233832	42235469	+	ENSG00000280295	RP11-358B23.6
chr13	52497097	52500195	-	ENSG00000280296	RP11-78J21.6
chr20	29454680	29497243	-	ENSG00000280297	ABBA01031664.1
chr17	64940602	64954177	+	ENSG00000280299	RP11-583F2.7
